PO_Number,Order_Date,Delivery_Date,Vendor,Product_Name,Qty_Ordered,Qty_Received,Unit_Price,Total
PO_2000,27/02/2026,01/03/2026,Vendor_13,Product_21,79,78,7424.3,579095.4
PO_2001,19/03/2026,28/03/2026,Vendor_7,Product_88,431,195,3297.9,643090.5
PO_2002,16/02/2026,22/02/2026,Vendor_5,Product_90,277,277,6084.72,1685467.44
PO_2003,28/02/2026,07/03/2026,Vendor_7,Product_37,336,90,6882.94,619464.6
PO_2004,01/02/2026,12/02/2026,Vendor_18,Product_31,211,169,8589.11,1451559.59
PO_2005,10/01/2026,16/01/2026,Vendor_18,Product_94,322,322,5573.36,1794621.92
PO_2006,21/02/2026,02/03/2026,Vendor_15,Product_99,172,103,4819.15,496372.45
PO_2007,30/03/2026,02/04/2026,Vendor_10,Product_89,341,260,8762.81,2278330.6
PO_2008,29/03/2026,31/03/2026,Vendor_7,Product_17,153,96,1476.08,141703.68
PO_2009,26/02/2026,27/02/2026,Vendor_14,Product_43,467,352,7340.81,2583965.12
PO_2010,14/03/2026,27/03/2026,Vendor_8,Product_16,119,96,6652.69,638658.24
PO_2011,16/02/2026,01/03/2026,Vendor_8,Product_82,232,207,5124.06,1060680.42
PO_2012,22/03/2026,25/03/2026,Vendor_2,Product_51,320,29,8196.52,237699.08
PO_2013,24/03/2026,04/04/2026,Vendor_14,Product_97,421,309,1469.69,454134.21
PO_2014,19/03/2026,29/03/2026,Vendor_3,Product_77,338,231,2420.77,559197.87
PO_2015,28/02/2026,13/03/2026,Vendor_11,Product_20,388,315,6473.26,2039076.9
PO_2016,18/02/2026,26/02/2026,Vendor_12,Product_76,388,99,4547.47,450199.53
PO_2017,13/01/2026,27/01/2026,Vendor_17,Product_63,196,105,3810.36,400087.8
PO_2018,12/02/2026,22/02/2026,Vendor_2,Product_3,138,80,2894.39,231551.2
PO_2019,22/01/2026,25/01/2026,Vendor_18,Product_13,362,175,7251.46,1269005.5
PO_2020,07/01/2026,21/01/2026,Vendor_6,Product_17,489,345,2528.59,872363.55
PO_2021,13/03/2026,25/03/2026,Vendor_7,Product_54,162,117,570.24,66718.08
PO_2022,22/02/2026,05/03/2026,Vendor_7,Product_7,438,438,3272.83,1433499.54
PO_2023,26/02/2026,10/03/2026,Vendor_10,Product_6,383,123,5607.34,689702.82
PO_2024,28/02/2026,01/03/2026,Vendor_18,Product_55,367,234,6226.85,1457082.9
PO_2025,07/03/2026,21/03/2026,Vendor_5,Product_71,96,52,3680.39,191380.28
PO_2026,02/02/2026,15/02/2026,Vendor_5,Product_30,133,130,2111.33,274472.9
PO_2027,19/01/2026,25/01/2026,Vendor_3,Product_14,297,297,8917.11,2648381.67
PO_2028,24/01/2026,26/01/2026,Vendor_18,Product_55,368,289,980.52,283370.28
PO_2029,29/01/2026,08/02/2026,Vendor_15,Product_54,66,45,1286.84,57907.8
PO_2030,27/02/2026,04/03/2026,Vendor_13,Product_1,461,461,6459.17,2977677.37
PO_2031,10/02/2026,11/02/2026,Vendor_7,Product_75,268,146,4869.46,710941.16
PO_2032,12/03/2026,23/03/2026,Vendor_3,Product_79,436,296,2709.39,801979.44
PO_2033,24/01/2026,03/02/2026,Vendor_2,Product_33,215,72,8729.42,628518.24
PO_2034,12/02/2026,19/02/2026,Vendor_13,Product_47,344,230,6383.86,1468287.8
PO_2035,19/01/2026,23/01/2026,Vendor_9,Product_20,416,215,5159.06,1109197.9
PO_2036,22/02/2026,24/02/2026,Vendor_2,Product_30,455,453,5646.06,2557665.18
PO_2037,28/02/2026,04/03/2026,Vendor_6,Product_80,108,102,5539.95,565074.9
PO_2038,29/01/2026,02/02/2026,Vendor_2,Product_16,114,75,5665.42,424906.5
PO_2039,28/02/2026,06/03/2026,Vendor_12,Product_22,484,216,7993.75,1726650
PO_2040,22/01/2026,26/01/2026,Vendor_2,Product_43,147,84,5796.38,486895.92
PO_2041,14/02/2026,18/02/2026,Vendor_1,Product_47,56,37,2576.67,95336.79
PO_2042,05/02/2026,08/02/2026,Vendor_20,Product_48,434,382,5708.34,2180585.88
PO_2043,01/02/2026,07/02/2026,Vendor_19,Product_82,225,107,6118.95,654727.65
PO_2044,15/03/2026,17/03/2026,Vendor_5,Product_44,332,160,6836.11,1093777.6
PO_2045,25/01/2026,06/02/2026,Vendor_9,Product_2,416,276,2624.92,724477.92
PO_2046,14/03/2026,25/03/2026,Vendor_8,Product_76,459,459,6427.46,2950204.14
PO_2047,09/02/2026,16/02/2026,Vendor_18,Product_95,418,349,7437.98,2595855.02
PO_2048,21/02/2026,22/02/2026,Vendor_3,Product_45,415,195,937.73,182857.35
PO_2049,02/03/2026,04/03/2026,Vendor_11,Product_76,367,180,5617.89,1011220.2
PO_2050,16/03/2026,18/03/2026,Vendor_15,Product_77,143,117,8421.31,985293.27
PO_2051,18/03/2026,26/03/2026,Vendor_12,Product_45,223,182,3818.05,694885.1
PO_2052,06/03/2026,13/03/2026,Vendor_13,Product_13,425,255,2173.47,554234.85
PO_2053,30/03/2026,06/04/2026,Vendor_4,Product_28,418,418,7840.66,3277395.88
PO_2054,23/02/2026,28/02/2026,Vendor_1,Product_46,186,176,5886.41,1036008.16
PO_2055,09/02/2026,13/02/2026,Vendor_12,Product_70,163,104,5984.17,622353.68
PO_2056,06/02/2026,18/02/2026,Vendor_13,Product_19,67,37,4217.71,156055.27
PO_2057,26/02/2026,11/03/2026,Vendor_13,Product_87,309,282,5476,1544232
PO_2058,07/01/2026,20/01/2026,Vendor_13,Product_55,412,370,1306.38,483360.6
PO_2059,24/02/2026,27/02/2026,Vendor_11,Product_91,471,327,6034.49,1973278.23
PO_2060,01/01/2026,07/01/2026,Vendor_11,Product_89,87,61,7164.09,437009.49
PO_2061,21/01/2026,23/01/2026,Vendor_7,Product_34,158,70,7507.8,525546
PO_2062,24/03/2026,27/03/2026,Vendor_14,Product_77,118,118,2591.99,305854.82
PO_2063,02/03/2026,12/03/2026,Vendor_10,Product_15,101,20,7904.67,158093.4
PO_2064,24/02/2026,10/03/2026,Vendor_13,Product_8,81,68,5837.06,396920.08
PO_2065,18/02/2026,28/02/2026,Vendor_16,Product_54,363,309,8493.64,2624534.76
PO_2066,26/03/2026,08/04/2026,Vendor_10,Product_100,186,144,7232.58,1041491.52
PO_2067,28/03/2026,29/03/2026,Vendor_16,Product_47,125,20,7785.37,155707.4
PO_2068,08/03/2026,22/03/2026,Vendor_7,Product_31,362,43,6608.59,284169.37
PO_2069,23/01/2026,05/02/2026,Vendor_17,Product_30,450,195,6769.38,1320029.1
PO_2070,26/03/2026,28/03/2026,Vendor_18,Product_96,183,97,5055.78,490410.66
PO_2071,30/01/2026,31/01/2026,Vendor_12,Product_95,175,164,1825.43,299370.52
PO_2072,11/02/2026,14/02/2026,Vendor_19,Product_86,171,86,2312.31,198858.66
PO_2073,14/03/2026,24/03/2026,Vendor_20,Product_10,77,48,3074.62,147581.76
PO_2074,08/02/2026,15/02/2026,Vendor_10,Product_19,96,34,2288.16,77797.44
PO_2075,28/01/2026,05/02/2026,Vendor_16,Product_96,121,67,8881.72,595075.24
PO_2076,09/01/2026,10/01/2026,Vendor_13,Product_88,495,393,3942.04,1549221.72
PO_2077,06/03/2026,19/03/2026,Vendor_6,Product_72,483,433,3216.95,1392939.35
PO_2078,13/01/2026,19/01/2026,Vendor_5,Product_42,434,363,1392.39,505437.57
PO_2079,18/02/2026,23/02/2026,Vendor_10,Product_18,369,369,8424.89,3108784.41
PO_2080,08/02/2026,16/02/2026,Vendor_3,Product_58,331,147,6977.29,1025661.63
PO_2081,08/03/2026,15/03/2026,Vendor_12,Product_42,363,257,4767.12,1225149.84
PO_2082,22/02/2026,23/02/2026,Vendor_1,Product_71,290,277,6189.92,1714607.84
PO_2083,03/01/2026,16/01/2026,Vendor_10,Product_26,166,129,2308.34,297775.86
PO_2084,26/01/2026,07/02/2026,Vendor_9,Product_15,193,193,7463.94,1440540.42
PO_2085,21/03/2026,30/03/2026,Vendor_16,Product_53,413,302,3269.2,987298.4
PO_2086,12/03/2026,26/03/2026,Vendor_3,Product_42,462,361,7990.01,2884393.61
PO_2087,03/01/2026,14/01/2026,Vendor_12,Product_8,230,143,3923.76,561097.68
PO_2088,26/02/2026,06/03/2026,Vendor_6,Product_91,195,134,975.97,130779.98
PO_2089,22/01/2026,28/01/2026,Vendor_20,Product_20,253,180,1962.82,353307.6
PO_2090,05/02/2026,17/02/2026,Vendor_18,Product_91,165,90,3629.03,326612.7
PO_2091,14/02/2026,20/02/2026,Vendor_19,Product_35,384,289,2391.32,691091.48
PO_2092,08/03/2026,11/03/2026,Vendor_20,Product_75,52,20,990.94,19818.8
PO_2093,03/03/2026,07/03/2026,Vendor_5,Product_8,109,36,6615.54,238159.44
PO_2094,30/01/2026,10/02/2026,Vendor_10,Product_45,435,281,445.7,125241.7
PO_2095,02/03/2026,10/03/2026,Vendor_16,Product_19,256,256,818.46,209525.76
PO_2096,05/02/2026,13/02/2026,Vendor_13,Product_50,250,250,6865.02,1716255
PO_2097,08/02/2026,18/02/2026,Vendor_8,Product_67,258,207,525.8,108840.6
PO_2098,24/03/2026,05/04/2026,Vendor_19,Product_90,78,78,3383.88,263942.64
PO_2099,06/01/2026,19/01/2026,Vendor_14,Product_59,491,208,8210.77,1707840.16
PO_2100,28/03/2026,31/03/2026,Vendor_18,Product_57,326,292,5377.74,1570300.08
PO_2101,27/03/2026,10/04/2026,Vendor_1,Product_52,475,369,3039.38,1121531.22
PO_2102,02/03/2026,15/03/2026,Vendor_16,Product_3,316,154,3098.91,477232.14
PO_2103,09/02/2026,22/02/2026,Vendor_18,Product_18,492,264,7809.02,2061581.28
PO_2104,17/03/2026,27/03/2026,Vendor_15,Product_71,349,277,5428.15,1503597.55
PO_2105,19/02/2026,03/03/2026,Vendor_12,Product_16,420,420,7467.75,3136455
PO_2106,18/01/2026,01/02/2026,Vendor_1,Product_44,273,273,4985.96,1361167.08
PO_2107,08/03/2026,14/03/2026,Vendor_19,Product_73,271,42,2335.36,98085.12
PO_2108,14/02/2026,26/02/2026,Vendor_9,Product_60,454,202,5519.61,1114961.22
PO_2109,22/01/2026,01/02/2026,Vendor_19,Product_33,486,425,7408.48,3148604
PO_2110,04/01/2026,11/01/2026,Vendor_3,Product_12,424,196,4118.18,807163.28
PO_2111,01/01/2026,06/01/2026,Vendor_10,Product_61,112,112,2670.44,299089.28
PO_2112,21/01/2026,24/01/2026,Vendor_8,Product_79,128,72,6134.89,441712.08
PO_2113,06/01/2026,15/01/2026,Vendor_19,Product_13,105,75,2129.16,159687
PO_2114,29/01/2026,05/02/2026,Vendor_15,Product_97,153,81,6832.84,553460.04
PO_2115,23/02/2026,08/03/2026,Vendor_6,Product_56,305,234,8718.47,2040121.98
PO_2116,27/01/2026,31/01/2026,Vendor_9,Product_52,189,187,7337.32,1372078.84
PO_2117,15/03/2026,18/03/2026,Vendor_6,Product_87,414,205,4406.1,903250.5
PO_2118,15/01/2026,28/01/2026,Vendor_14,Product_31,318,318,5269.15,1675589.7
PO_2119,17/02/2026,22/02/2026,Vendor_10,Product_11,340,187,535.39,100117.93
PO_2120,31/01/2026,14/02/2026,Vendor_14,Product_88,457,457,734.87,335835.59
PO_2121,20/03/2026,31/03/2026,Vendor_19,Product_63,491,421,5245.2,2208229.2
PO_2122,21/03/2026,26/03/2026,Vendor_9,Product_31,390,111,996.22,110580.42
PO_2123,29/01/2026,01/02/2026,Vendor_14,Product_62,220,72,6214.68,447456.96
PO_2124,02/03/2026,13/03/2026,Vendor_17,Product_83,202,166,8382.37,1391473.42
PO_2125,24/02/2026,08/03/2026,Vendor_1,Product_6,246,86,5844.42,502620.12
PO_2126,05/01/2026,08/01/2026,Vendor_7,Product_38,198,169,5501.16,929696.04
PO_2127,16/03/2026,27/03/2026,Vendor_13,Product_78,238,219,6203.16,1358492.04
PO_2128,24/02/2026,02/03/2026,Vendor_2,Product_48,259,147,5940.61,873269.67
PO_2129,30/03/2026,08/04/2026,Vendor_9,Product_66,231,170,2767.48,470471.6
PO_2130,24/03/2026,25/03/2026,Vendor_9,Product_62,113,69,2155.83,148752.27
PO_2131,22/01/2026,28/01/2026,Vendor_6,Product_78,291,291,6142.74,1787537.34
PO_2132,15/02/2026,01/03/2026,Vendor_17,Product_46,483,483,7608.13,3674726.79
PO_2133,20/01/2026,03/02/2026,Vendor_8,Product_86,215,196,5009.04,981771.84
PO_2134,25/02/2026,07/03/2026,Vendor_16,Product_55,143,107,7570.61,810055.27
PO_2135,07/03/2026,11/03/2026,Vendor_13,Product_88,487,458,5415.44,2480271.52
PO_2136,13/03/2026,25/03/2026,Vendor_1,Product_23,473,473,972.14,459822.22
PO_2137,31/03/2026,14/04/2026,Vendor_4,Product_44,258,229,5618.88,1286723.52
PO_2138,24/02/2026,10/03/2026,Vendor_12,Product_81,367,260,8795.21,2286754.6
PO_2139,25/02/2026,08/03/2026,Vendor_7,Product_6,230,230,7280.63,1674544.9
PO_2140,14/03/2026,17/03/2026,Vendor_20,Product_7,228,176,4399.08,774238.08
PO_2141,20/01/2026,01/02/2026,Vendor_16,Product_31,280,201,4144.39,833022.39
PO_2142,12/01/2026,13/01/2026,Vendor_7,Product_24,322,208,1010.9,210267.2
PO_2143,27/02/2026,01/03/2026,Vendor_8,Product_61,300,154,4434.32,682885.28
PO_2144,29/03/2026,08/04/2026,Vendor_8,Product_7,465,295,8768.46,2586695.7
PO_2145,09/02/2026,17/02/2026,Vendor_12,Product_27,345,220,474.87,104471.4
PO_2146,23/01/2026,31/01/2026,Vendor_8,Product_21,444,177,2399.55,424720.35
PO_2147,01/03/2026,11/03/2026,Vendor_12,Product_45,88,38,3544.12,134676.56
PO_2148,05/02/2026,18/02/2026,Vendor_3,Product_28,62,37,3346.75,123829.75
PO_2149,29/03/2026,06/04/2026,Vendor_15,Product_4,327,256,4567.03,1169159.68
PO_2150,11/01/2026,23/01/2026,Vendor_14,Product_62,351,214,5394.01,1154318.14
PO_2151,09/02/2026,23/02/2026,Vendor_15,Product_43,457,354,5766.39,2041302.06
PO_2152,01/03/2026,15/03/2026,Vendor_19,Product_97,392,266,3035.59,807466.94
PO_2153,26/02/2026,05/03/2026,Vendor_6,Product_74,155,76,2824.5,214662
PO_2154,09/01/2026,15/01/2026,Vendor_12,Product_91,446,382,8929.25,3410973.5
PO_2155,17/01/2026,27/01/2026,Vendor_2,Product_37,320,60,786.67,47200.2
PO_2156,08/02/2026,21/02/2026,Vendor_10,Product_53,386,271,4449.46,1205803.66
PO_2157,14/03/2026,26/03/2026,Vendor_20,Product_13,477,291,6308.54,1835785.14
PO_2158,01/03/2026,08/03/2026,Vendor_8,Product_46,298,188,3222.8,605886.4
PO_2159,09/03/2026,20/03/2026,Vendor_11,Product_31,394,379,4819.12,1826446.48
PO_2160,13/01/2026,26/01/2026,Vendor_1,Product_69,386,274,6731.66,1844474.84
PO_2161,01/03/2026,11/03/2026,Vendor_12,Product_33,319,319,5944.81,1896394.39
PO_2162,04/01/2026,16/01/2026,Vendor_2,Product_2,88,63,2802.98,176587.74
PO_2163,04/03/2026,10/03/2026,Vendor_6,Product_53,169,125,1993.33,249166.25
PO_2164,08/03/2026,20/03/2026,Vendor_11,Product_38,180,145,2857.09,414278.05
PO_2165,07/02/2026,15/02/2026,Vendor_11,Product_59,296,175,5312.84,929747
PO_2166,26/02/2026,04/03/2026,Vendor_3,Product_58,255,159,6673.39,1061069.01
PO_2167,10/03/2026,24/03/2026,Vendor_1,Product_72,357,315,6185.78,1948520.7
PO_2168,10/02/2026,24/02/2026,Vendor_18,Product_61,262,159,2663.93,423564.87
PO_2169,13/01/2026,26/01/2026,Vendor_1,Product_9,176,146,5562.42,812113.32
PO_2170,18/02/2026,22/02/2026,Vendor_3,Product_19,254,129,5167.3,666581.7
PO_2171,18/03/2026,19/03/2026,Vendor_8,Product_22,457,219,4580.72,1003177.68
PO_2172,23/01/2026,06/02/2026,Vendor_15,Product_77,377,202,8212.54,1658933.08
PO_2173,08/02/2026,13/02/2026,Vendor_5,Product_54,205,105,6940.95,728799.75
PO_2174,16/01/2026,23/01/2026,Vendor_20,Product_20,51,36,6455.12,232384.32
PO_2175,13/01/2026,15/01/2026,Vendor_3,Product_63,270,270,6489.85,1752259.5
PO_2176,23/03/2026,05/04/2026,Vendor_9,Product_19,220,161,5690.11,916107.71
PO_2177,14/03/2026,18/03/2026,Vendor_8,Product_21,251,42,7052.55,296207.1
PO_2178,22/02/2026,01/03/2026,Vendor_12,Product_58,433,309,4168.34,1288017.06
PO_2179,23/02/2026,24/02/2026,Vendor_17,Product_67,93,53,614.76,32582.28
PO_2180,21/03/2026,30/03/2026,Vendor_10,Product_79,337,256,2817.03,721159.68
PO_2181,03/03/2026,15/03/2026,Vendor_2,Product_44,370,176,5652.63,994862.88
PO_2182,11/02/2026,25/02/2026,Vendor_7,Product_95,420,237,7045.83,1669861.71
PO_2183,01/02/2026,11/02/2026,Vendor_4,Product_80,270,213,7765.84,1654123.92
PO_2184,09/02/2026,16/02/2026,Vendor_17,Product_13,105,56,564.74,31625.44
PO_2185,05/03/2026,08/03/2026,Vendor_10,Product_73,359,236,1152.92,272089.12
PO_2186,18/02/2026,21/02/2026,Vendor_18,Product_59,420,273,8668.83,2366590.59
PO_2187,04/03/2026,12/03/2026,Vendor_7,Product_91,388,265,5879.01,1557937.65
PO_2188,17/01/2026,23/01/2026,Vendor_16,Product_37,196,107,5728.7,612970.9
PO_2189,06/02/2026,09/02/2026,Vendor_14,Product_22,293,137,6755.98,925569.26
PO_2190,31/03/2026,01/04/2026,Vendor_12,Product_72,348,194,6231.78,1208965.32
PO_2191,22/03/2026,31/03/2026,Vendor_6,Product_18,277,53,5755.13,305021.89
PO_2192,24/03/2026,03/04/2026,Vendor_18,Product_92,301,165,4208.06,694329.9
PO_2193,01/01/2026,11/01/2026,Vendor_20,Product_20,259,166,8928.59,1482145.94
PO_2194,04/03/2026,16/03/2026,Vendor_19,Product_9,257,90,1818.01,163620.9
PO_2195,16/01/2026,24/01/2026,Vendor_12,Product_39,125,80,2747.37,219789.6
PO_2196,14/01/2026,27/01/2026,Vendor_10,Product_91,74,56,2748.15,153896.4
PO_2197,24/03/2026,27/03/2026,Vendor_7,Product_75,201,177,7429.71,1315058.67
PO_2198,27/02/2026,10/03/2026,Vendor_8,Product_93,162,74,3860.69,285691.06
PO_2199,19/02/2026,23/02/2026,Vendor_19,Product_40,189,189,8218.91,1553373.99
PO_2200,28/03/2026,04/04/2026,Vendor_19,Product_15,417,205,1987.84,407507.2
PO_2201,21/01/2026,30/01/2026,Vendor_13,Product_70,389,213,7546.16,1607332.08
PO_2202,27/03/2026,01/04/2026,Vendor_6,Product_16,495,219,6266.52,1372367.88
PO_2203,21/02/2026,07/03/2026,Vendor_9,Product_83,74,51,1813.89,92508.39
PO_2204,05/01/2026,11/01/2026,Vendor_20,Product_92,162,115,1310.34,150689.1
PO_2205,27/03/2026,04/04/2026,Vendor_20,Product_68,200,127,6417.33,815000.91
PO_2206,09/02/2026,11/02/2026,Vendor_10,Product_68,187,152,1298.31,197343.12
PO_2207,22/02/2026,01/03/2026,Vendor_20,Product_30,86,71,1420.9,100883.9
PO_2208,10/03/2026,19/03/2026,Vendor_2,Product_9,108,108,679.01,73333.08
PO_2209,30/01/2026,10/02/2026,Vendor_15,Product_88,157,133,1288.08,171314.64
PO_2210,31/03/2026,13/04/2026,Vendor_17,Product_87,428,341,2517.7,858535.7
PO_2211,14/03/2026,21/03/2026,Vendor_20,Product_38,272,272,7125.64,1938174.08
PO_2212,25/02/2026,27/02/2026,Vendor_11,Product_11,296,95,8909.11,846365.45
PO_2213,01/01/2026,02/01/2026,Vendor_15,Product_80,298,217,5367.63,1164775.71
PO_2214,23/02/2026,05/03/2026,Vendor_2,Product_48,454,289,8104.6,2342229.4
PO_2215,21/03/2026,29/03/2026,Vendor_19,Product_6,239,176,7329.14,1289928.64
PO_2216,17/01/2026,23/01/2026,Vendor_13,Product_26,139,107,3481.68,372539.76
PO_2217,14/02/2026,20/02/2026,Vendor_16,Product_14,212,132,2302.65,303949.8
PO_2218,13/03/2026,26/03/2026,Vendor_3,Product_62,192,114,4348.47,495725.58
PO_2219,04/02/2026,16/02/2026,Vendor_9,Product_90,55,54,6241.11,337019.94
PO_2220,27/02/2026,28/02/2026,Vendor_6,Product_92,456,261,4490.13,1171923.93
PO_2221,20/01/2026,26/01/2026,Vendor_7,Product_62,247,175,6025.78,1054511.5
PO_2222,18/01/2026,22/01/2026,Vendor_12,Product_82,322,167,4805.78,802565.26
PO_2223,04/03/2026,15/03/2026,Vendor_15,Product_71,288,146,6091.29,889328.34
PO_2224,22/03/2026,25/03/2026,Vendor_19,Product_14,452,399,8485.58,3385746.42
PO_2225,13/02/2026,21/02/2026,Vendor_9,Product_4,457,195,5661.75,1104041.25
PO_2226,17/01/2026,24/01/2026,Vendor_6,Product_48,412,281,6850.24,1924917.44
PO_2227,11/03/2026,21/03/2026,Vendor_4,Product_19,177,147,6060.17,890844.99
PO_2228,20/03/2026,03/04/2026,Vendor_1,Product_88,373,218,8202.34,1788110.12
PO_2229,04/01/2026,17/01/2026,Vendor_13,Product_6,395,281,1846.55,518880.55
PO_2230,07/03/2026,10/03/2026,Vendor_2,Product_66,295,141,7593.89,1070738.49
PO_2231,12/03/2026,20/03/2026,Vendor_20,Product_77,413,173,8281.22,1432651.06
PO_2232,26/02/2026,01/03/2026,Vendor_13,Product_85,335,251,6225.97,1562718.47
PO_2233,08/02/2026,20/02/2026,Vendor_5,Product_9,147,147,7490.46,1101097.62
PO_2234,14/02/2026,21/02/2026,Vendor_11,Product_69,399,399,4109.19,1639566.81
PO_2235,04/01/2026,17/01/2026,Vendor_12,Product_21,456,335,4704.1,1575873.5
PO_2236,18/01/2026,26/01/2026,Vendor_9,Product_34,427,90,5328.16,479534.4
PO_2237,04/03/2026,07/03/2026,Vendor_15,Product_6,155,114,454.86,51854.04
PO_2238,17/01/2026,21/01/2026,Vendor_14,Product_66,496,496,3373.93,1673469.28
PO_2239,27/03/2026,04/04/2026,Vendor_19,Product_61,340,179,8542.1,1529035.9
PO_2240,25/03/2026,31/03/2026,Vendor_17,Product_2,417,204,7109.63,1450364.52
PO_2241,09/01/2026,21/01/2026,Vendor_9,Product_2,125,125,6071.75,758968.75
PO_2242,18/01/2026,19/01/2026,Vendor_20,Product_59,300,113,3042.06,343752.78
PO_2243,28/03/2026,11/04/2026,Vendor_16,Product_66,330,278,1777.94,494267.32
PO_2244,25/01/2026,04/02/2026,Vendor_9,Product_80,255,238,3328.69,792228.22
PO_2245,10/02/2026,19/02/2026,Vendor_19,Product_3,383,374,1772.77,663015.98
PO_2246,17/02/2026,19/02/2026,Vendor_2,Product_85,315,191,7868.32,1502849.12
PO_2247,17/03/2026,26/03/2026,Vendor_6,Product_80,347,198,8371.48,1657553.04
PO_2248,16/03/2026,17/03/2026,Vendor_15,Product_1,292,178,5415.97,964042.66
PO_2249,06/01/2026,15/01/2026,Vendor_8,Product_3,413,280,3097.88,867406.4
PO_2250,17/02/2026,27/02/2026,Vendor_1,Product_82,125,117,453.81,53095.77
PO_2251,31/03/2026,11/04/2026,Vendor_6,Product_84,460,95,6501.17,617611.15
PO_2252,13/03/2026,20/03/2026,Vendor_12,Product_46,240,218,834.93,182014.74
PO_2253,12/01/2026,25/01/2026,Vendor_20,Product_45,303,50,1804.7,90235
PO_2254,04/03/2026,17/03/2026,Vendor_8,Product_6,425,258,1173.28,302706.24
PO_2255,05/02/2026,17/02/2026,Vendor_10,Product_21,167,107,3302.11,353325.77
PO_2256,17/03/2026,22/03/2026,Vendor_7,Product_80,463,216,6100.05,1317610.8
PO_2257,21/02/2026,05/03/2026,Vendor_19,Product_11,430,169,4202.12,710158.28
PO_2258,08/03/2026,12/03/2026,Vendor_15,Product_41,480,187,5319.16,994682.92
PO_2259,05/03/2026,10/03/2026,Vendor_5,Product_98,76,55,8232.9,452809.5
PO_2260,29/01/2026,02/02/2026,Vendor_5,Product_70,330,164,3912.72,641686.08
PO_2261,16/01/2026,18/01/2026,Vendor_1,Product_16,487,177,698.19,123579.63
PO_2262,14/02/2026,17/02/2026,Vendor_8,Product_22,83,68,2634.52,179147.36
PO_2263,22/01/2026,26/01/2026,Vendor_15,Product_45,485,201,3082.44,619570.44
PO_2264,14/03/2026,21/03/2026,Vendor_4,Product_49,452,413,7198.48,2972972.24
PO_2265,20/01/2026,29/01/2026,Vendor_4,Product_25,337,264,7489.41,1977204.24
PO_2266,23/03/2026,28/03/2026,Vendor_16,Product_5,453,370,1105.4,408998
PO_2267,09/03/2026,22/03/2026,Vendor_6,Product_70,349,349,1098.57,383400.93
PO_2268,11/02/2026,20/02/2026,Vendor_14,Product_21,155,68,1853.93,126067.24
PO_2269,31/01/2026,03/02/2026,Vendor_11,Product_36,490,344,4760.91,1637753.04
PO_2270,31/01/2026,03/02/2026,Vendor_11,Product_65,144,144,3936.24,566818.56
PO_2271,02/01/2026,04/01/2026,Vendor_9,Product_24,365,199,6122.14,1218305.86
PO_2272,16/01/2026,30/01/2026,Vendor_1,Product_60,472,352,7480.15,2633012.8
PO_2273,26/03/2026,30/03/2026,Vendor_11,Product_60,376,303,539.32,163413.96
PO_2274,19/02/2026,03/03/2026,Vendor_12,Product_97,144,69,2077.08,143318.52
PO_2275,16/02/2026,28/02/2026,Vendor_8,Product_3,230,0,6982.12,0
PO_2276,02/01/2026,12/01/2026,Vendor_15,Product_20,329,171,2875.35,491684.85
PO_2277,19/02/2026,02/03/2026,Vendor_3,Product_12,380,267,7683.23,2051422.41
PO_2278,12/01/2026,15/01/2026,Vendor_17,Product_19,332,332,6269.78,2081566.96
PO_2279,01/03/2026,07/03/2026,Vendor_11,Product_64,79,79,3651.67,288481.93
PO_2280,28/01/2026,06/02/2026,Vendor_13,Product_90,145,127,2406.66,305645.82
PO_2281,18/03/2026,26/03/2026,Vendor_19,Product_52,410,180,6009.22,1081659.6
PO_2282,16/02/2026,21/02/2026,Vendor_10,Product_18,295,227,7705.24,1749089.48
PO_2283,27/01/2026,05/02/2026,Vendor_4,Product_41,385,174,3335.34,580349.16
PO_2284,31/03/2026,09/04/2026,Vendor_8,Product_41,371,166,639.46,106150.36
PO_2285,10/01/2026,19/01/2026,Vendor_7,Product_21,275,176,7641.33,1344874.08
PO_2286,08/02/2026,20/02/2026,Vendor_19,Product_65,115,115,1901.97,218726.55
PO_2287,27/01/2026,29/01/2026,Vendor_8,Product_85,208,30,7327.52,219825.6
PO_2288,07/03/2026,20/03/2026,Vendor_20,Product_5,64,47,5249.71,246736.37
PO_2289,24/01/2026,29/01/2026,Vendor_9,Product_22,443,413,5101.59,2106956.67
PO_2290,18/01/2026,26/01/2026,Vendor_17,Product_26,447,354,1695.91,600352.14
PO_2291,11/03/2026,15/03/2026,Vendor_15,Product_70,222,172,2922.84,502728.48
PO_2292,19/03/2026,01/04/2026,Vendor_9,Product_8,405,122,7602.77,927537.94
PO_2293,20/01/2026,22/01/2026,Vendor_7,Product_45,343,315,2944.09,927388.35
PO_2294,16/01/2026,27/01/2026,Vendor_11,Product_34,198,198,539.69,106858.62
PO_2295,11/03/2026,23/03/2026,Vendor_17,Product_95,449,449,8163.27,3665308.23
PO_2296,28/03/2026,11/04/2026,Vendor_17,Product_17,366,175,1212,212100
PO_2297,10/02/2026,16/02/2026,Vendor_9,Product_10,93,56,5988.18,335338.08
PO_2298,27/01/2026,31/01/2026,Vendor_6,Product_62,392,360,1416.68,510004.8
PO_2299,31/01/2026,03/02/2026,Vendor_19,Product_26,322,283,5167.47,1462394.01
PO_2300,23/02/2026,09/03/2026,Vendor_6,Product_52,337,287,1131.48,324734.76
PO_2301,25/01/2026,31/01/2026,Vendor_7,Product_67,499,499,5621.36,2805058.64
PO_2302,30/03/2026,07/04/2026,Vendor_20,Product_28,296,123,1096.93,134922.39
PO_2303,08/02/2026,14/02/2026,Vendor_14,Product_4,393,268,3880.64,1040011.52
PO_2304,23/02/2026,05/03/2026,Vendor_14,Product_36,65,36,3029.4,109058.4
PO_2305,22/03/2026,24/03/2026,Vendor_7,Product_77,462,440,7792.19,3428563.6
PO_2306,08/01/2026,21/01/2026,Vendor_14,Product_6,161,126,1503.6,189453.6
PO_2307,17/03/2026,21/03/2026,Vendor_2,Product_39,158,73,2607.99,190383.27
PO_2308,08/02/2026,12/02/2026,Vendor_4,Product_60,292,292,5724.89,1671667.88
PO_2309,13/01/2026,26/01/2026,Vendor_17,Product_14,237,165,7000.49,1155080.85
PO_2310,21/02/2026,26/02/2026,Vendor_15,Product_96,414,252,1479.73,372891.96
PO_2311,11/02/2026,21/02/2026,Vendor_6,Product_10,289,232,2827.46,655970.72
PO_2312,23/01/2026,03/02/2026,Vendor_8,Product_71,126,61,890.43,54316.23
PO_2313,08/02/2026,11/02/2026,Vendor_11,Product_27,317,228,4477.81,1020940.68
PO_2314,24/02/2026,10/03/2026,Vendor_4,Product_55,316,308,757.58,233334.64
PO_2315,12/02/2026,15/02/2026,Vendor_14,Product_5,497,406,3832.83,1556128.98
PO_2316,11/02/2026,23/02/2026,Vendor_2,Product_97,114,80,1566.92,125353.6
PO_2317,16/02/2026,24/02/2026,Vendor_4,Product_29,312,250,5912.3,1478075
PO_2318,02/03/2026,06/03/2026,Vendor_1,Product_6,458,436,3300.8,1439148.8
PO_2319,20/02/2026,25/02/2026,Vendor_11,Product_67,470,417,580.03,241872.51
PO_2320,29/03/2026,07/04/2026,Vendor_4,Product_89,318,283,3249.63,919645.29
PO_2321,04/01/2026,15/01/2026,Vendor_5,Product_28,354,337,6214.5,2094286.5
PO_2322,11/01/2026,23/01/2026,Vendor_14,Product_98,487,487,3134.65,1526574.55
PO_2323,26/02/2026,08/03/2026,Vendor_5,Product_22,458,349,933.52,325798.48
PO_2324,24/03/2026,25/03/2026,Vendor_6,Product_48,213,97,1381.6,134015.2
PO_2325,14/02/2026,28/02/2026,Vendor_18,Product_81,266,186,3967.5,737955
PO_2326,16/02/2026,21/02/2026,Vendor_13,Product_34,113,15,4316.29,64744.35
PO_2327,30/03/2026,09/04/2026,Vendor_19,Product_3,56,26,5979.38,155463.88
PO_2328,23/03/2026,24/03/2026,Vendor_20,Product_74,218,121,4917.22,594983.62
PO_2329,19/02/2026,25/02/2026,Vendor_10,Product_92,357,181,2957.31,535273.11
PO_2330,22/02/2026,06/03/2026,Vendor_15,Product_96,467,339,6404.51,2171128.89
PO_2331,04/01/2026,05/01/2026,Vendor_11,Product_73,120,71,5518.98,391847.58
PO_2332,14/03/2026,27/03/2026,Vendor_4,Product_14,340,209,2941.02,614673.18
PO_2333,12/02/2026,23/02/2026,Vendor_19,Product_66,81,46,8208.96,377612.16
PO_2334,18/01/2026,30/01/2026,Vendor_13,Product_71,462,314,4121.83,1294254.62
PO_2335,04/01/2026,09/01/2026,Vendor_14,Product_79,66,44,4903.51,215754.44
PO_2336,15/02/2026,25/02/2026,Vendor_11,Product_35,481,481,1089.61,524102.41
PO_2337,16/03/2026,18/03/2026,Vendor_11,Product_42,157,122,8275.78,1009645.16
PO_2338,05/02/2026,07/02/2026,Vendor_9,Product_79,139,104,1469.37,152814.48
PO_2339,27/02/2026,09/03/2026,Vendor_2,Product_91,136,91,3200.89,291280.99
PO_2340,06/01/2026,12/01/2026,Vendor_5,Product_55,93,62,4840.04,300082.48
PO_2341,30/01/2026,08/02/2026,Vendor_3,Product_75,475,273,4538.99,1239144.27
PO_2342,12/01/2026,18/01/2026,Vendor_14,Product_25,399,211,4182.76,882562.36
PO_2343,21/02/2026,28/02/2026,Vendor_5,Product_13,422,252,1401.55,353190.6
PO_2344,18/01/2026,21/01/2026,Vendor_11,Product_78,184,118,2260.46,266734.28
PO_2345,02/02/2026,14/02/2026,Vendor_16,Product_1,492,443,2093.24,927305.32
PO_2346,11/01/2026,15/01/2026,Vendor_2,Product_18,428,109,7278.14,793317.26
PO_2347,22/01/2026,24/01/2026,Vendor_20,Product_98,221,213,8444.25,1798625.25
PO_2348,11/02/2026,20/02/2026,Vendor_20,Product_68,234,157,3970.07,623300.99
PO_2349,20/02/2026,27/02/2026,Vendor_20,Product_89,482,352,5315.83,1871172.16
PO_2350,14/02/2026,20/02/2026,Vendor_1,Product_2,465,383,2836.93,1086544.19
PO_2351,28/02/2026,10/03/2026,Vendor_19,Product_14,300,252,6132.09,1545286.68
PO_2352,15/01/2026,22/01/2026,Vendor_4,Product_97,462,224,5542.88,1241605.12
PO_2353,12/01/2026,18/01/2026,Vendor_5,Product_12,126,113,8590.77,970757.01
PO_2354,08/03/2026,16/03/2026,Vendor_12,Product_23,57,37,4748.99,175712.63
PO_2355,26/03/2026,29/03/2026,Vendor_14,Product_86,94,70,5158.3,361081
PO_2356,16/01/2026,29/01/2026,Vendor_4,Product_1,244,180,8654.2,1557756
PO_2357,12/03/2026,19/03/2026,Vendor_15,Product_36,151,144,7472.12,1075985.28
PO_2358,22/01/2026,30/01/2026,Vendor_9,Product_79,162,96,8535.35,819393.6
PO_2359,13/03/2026,21/03/2026,Vendor_16,Product_56,418,306,1063.81,325525.86
PO_2360,12/01/2026,21/01/2026,Vendor_16,Product_68,237,168,2514.29,422400.72
PO_2361,23/01/2026,03/02/2026,Vendor_18,Product_5,183,79,6285.1,496522.9
PO_2362,12/02/2026,21/02/2026,Vendor_3,Product_15,67,63,1860.9,117236.7
PO_2363,20/02/2026,28/02/2026,Vendor_11,Product_84,204,81,6987.36,565976.16
PO_2364,09/01/2026,17/01/2026,Vendor_2,Product_80,269,120,1246.45,149574
PO_2365,08/03/2026,18/03/2026,Vendor_11,Product_84,441,251,5128.83,1287336.33
PO_2366,24/01/2026,31/01/2026,Vendor_11,Product_13,143,54,838.38,45272.52
PO_2367,23/03/2026,25/03/2026,Vendor_9,Product_87,115,79,5454.19,430881.01
PO_2368,14/02/2026,16/02/2026,Vendor_6,Product_2,224,106,7128.86,755659.16
PO_2369,04/02/2026,11/02/2026,Vendor_18,Product_91,358,133,6310.74,839328.42
PO_2370,14/01/2026,20/01/2026,Vendor_16,Product_61,94,54,3923.19,211852.26
PO_2371,27/03/2026,03/04/2026,Vendor_1,Product_86,489,174,7272.76,1265460.24
PO_2372,23/03/2026,04/04/2026,Vendor_18,Product_41,488,456,3600.23,1641704.88
PO_2373,28/01/2026,08/02/2026,Vendor_18,Product_72,229,107,7851.24,840082.68
PO_2374,18/02/2026,23/02/2026,Vendor_10,Product_65,459,356,4352.94,1549646.64
PO_2375,07/02/2026,20/02/2026,Vendor_4,Product_100,175,156,4868.66,759510.96
PO_2376,23/02/2026,01/03/2026,Vendor_20,Product_26,65,65,8949.1,581691.5
PO_2377,13/03/2026,25/03/2026,Vendor_8,Product_46,488,418,8563.75,3579647.5
PO_2378,26/03/2026,05/04/2026,Vendor_1,Product_58,281,179,3447.64,617127.56
PO_2379,05/03/2026,12/03/2026,Vendor_11,Product_53,476,214,6426.24,1375215.36
PO_2380,30/01/2026,12/02/2026,Vendor_14,Product_26,195,78,4456.96,347642.88
PO_2381,23/01/2026,03/02/2026,Vendor_1,Product_33,350,268,2331.58,624863.44
PO_2382,29/03/2026,01/04/2026,Vendor_7,Product_89,352,242,7109.83,1720578.86
PO_2383,25/03/2026,05/04/2026,Vendor_14,Product_54,183,120,3242.82,389138.4
PO_2384,26/02/2026,03/03/2026,Vendor_20,Product_74,139,59,4188.64,247129.76
PO_2385,20/01/2026,25/01/2026,Vendor_8,Product_87,295,209,4004.26,836890.34
PO_2386,17/01/2026,29/01/2026,Vendor_4,Product_17,474,265,3973.42,1052956.3
PO_2387,16/03/2026,25/03/2026,Vendor_14,Product_18,87,39,1185.26,46225.14
PO_2388,16/03/2026,30/03/2026,Vendor_20,Product_42,371,177,5780.86,1023212.22
PO_2389,29/03/2026,11/04/2026,Vendor_13,Product_87,84,57,8110.54,462300.78
PO_2390,25/01/2026,07/02/2026,Vendor_8,Product_43,482,365,8059.66,2941775.9
PO_2391,19/01/2026,26/01/2026,Vendor_9,Product_34,260,251,5660.16,1420700.16
PO_2392,23/02/2026,26/02/2026,Vendor_3,Product_6,378,144,2711.66,390479.04
PO_2393,24/02/2026,26/02/2026,Vendor_2,Product_60,83,64,4149.56,265571.84
PO_2394,14/02/2026,20/02/2026,Vendor_1,Product_55,70,70,1101.54,77107.8
PO_2395,08/02/2026,18/02/2026,Vendor_14,Product_22,59,23,4855.47,111675.81
PO_2396,18/01/2026,30/01/2026,Vendor_10,Product_20,137,137,519.21,71131.77
PO_2397,04/03/2026,12/03/2026,Vendor_4,Product_45,58,34,3055.7,103893.8
PO_2398,26/01/2026,30/01/2026,Vendor_7,Product_71,258,173,5255.48,909198.04
PO_2399,18/01/2026,20/01/2026,Vendor_10,Product_9,142,134,8412.97,1127337.98
PO_2400,11/02/2026,24/02/2026,Vendor_2,Product_58,379,227,5891,1337257
PO_2401,04/03/2026,18/03/2026,Vendor_13,Product_95,305,189,8117.52,1534211.28
PO_2402,11/01/2026,14/01/2026,Vendor_11,Product_96,347,242,6204.08,1501387.36
PO_2403,15/03/2026,27/03/2026,Vendor_13,Product_28,122,120,6936.05,832326
PO_2404,02/01/2026,08/01/2026,Vendor_1,Product_39,361,268,7312.3,1959696.4
PO_2405,26/03/2026,02/04/2026,Vendor_15,Product_68,206,177,3009.12,532614.24
PO_2406,20/02/2026,25/02/2026,Vendor_12,Product_20,272,123,6176.7,759734.1
PO_2407,13/01/2026,23/01/2026,Vendor_16,Product_73,408,256,5835.37,1493854.72
PO_2408,11/03/2026,14/03/2026,Vendor_5,Product_62,235,142,3094.09,439360.78
PO_2409,10/03/2026,13/03/2026,Vendor_2,Product_40,263,154,3885.8,598413.2
PO_2410,24/03/2026,07/04/2026,Vendor_3,Product_71,416,341,3184.09,1085774.69
PO_2411,04/02/2026,11/02/2026,Vendor_18,Product_42,319,265,1972.2,522633
PO_2412,07/01/2026,21/01/2026,Vendor_7,Product_59,354,245,1337.52,327692.4
PO_2413,13/03/2026,15/03/2026,Vendor_1,Product_20,269,139,5559.72,772801.08
PO_2414,24/03/2026,03/04/2026,Vendor_3,Product_32,322,288,7772.19,2238390.72
PO_2415,03/02/2026,07/02/2026,Vendor_16,Product_27,458,271,8241.64,2233484.44
PO_2416,18/01/2026,25/01/2026,Vendor_1,Product_42,183,76,4704.98,357578.48
PO_2417,24/01/2026,04/02/2026,Vendor_5,Product_56,75,75,2494.71,187103.25
PO_2418,28/01/2026,31/01/2026,Vendor_12,Product_96,124,82,6095.9,499863.8
PO_2419,28/02/2026,08/03/2026,Vendor_3,Product_46,228,179,8533.45,1527487.55
PO_2420,27/03/2026,07/04/2026,Vendor_9,Product_91,376,300,6781.01,2034303
PO_2421,25/02/2026,03/03/2026,Vendor_16,Product_74,245,127,5774.83,733403.41
PO_2422,03/01/2026,09/01/2026,Vendor_17,Product_73,286,205,4489.09,920263.45
PO_2423,12/03/2026,24/03/2026,Vendor_11,Product_91,136,90,1847.2,166248
PO_2424,16/03/2026,26/03/2026,Vendor_18,Product_92,422,166,5369.32,891307.12
PO_2425,28/02/2026,01/03/2026,Vendor_8,Product_98,276,276,7220.34,1992813.84
PO_2426,17/02/2026,20/02/2026,Vendor_16,Product_37,421,278,4431.59,1231982.02
PO_2427,02/03/2026,03/03/2026,Vendor_18,Product_40,429,371,6638.2,2462772.2
PO_2428,23/01/2026,25/01/2026,Vendor_11,Product_65,99,42,1009.88,42414.96
PO_2429,27/01/2026,29/01/2026,Vendor_16,Product_20,341,136,2404.43,327002.48
PO_2430,20/03/2026,23/03/2026,Vendor_15,Product_11,239,158,7069.35,1116957.3
PO_2431,02/03/2026,16/03/2026,Vendor_1,Product_30,421,327,5080.61,1661359.47
PO_2432,01/01/2026,03/01/2026,Vendor_18,Product_97,495,369,1875.73,692144.37
PO_2433,23/03/2026,29/03/2026,Vendor_16,Product_61,464,130,1448.24,188271.2
PO_2434,25/01/2026,31/01/2026,Vendor_2,Product_86,63,47,5520.15,259447.05
PO_2435,25/03/2026,30/03/2026,Vendor_20,Product_58,494,276,7151.55,1973827.8
PO_2436,04/02/2026,09/02/2026,Vendor_16,Product_31,321,259,1581.31,409559.29
PO_2437,21/03/2026,31/03/2026,Vendor_7,Product_29,179,164,8405.09,1378434.76
PO_2438,08/02/2026,10/02/2026,Vendor_17,Product_63,399,358,3367.14,1205436.12
PO_2439,06/02/2026,14/02/2026,Vendor_13,Product_28,250,167,4000.78,668130.26
PO_2440,26/02/2026,28/02/2026,Vendor_6,Product_39,314,274,2819.98,772674.52
PO_2441,03/02/2026,10/02/2026,Vendor_6,Product_10,206,206,1435.13,295636.78
PO_2442,18/01/2026,25/01/2026,Vendor_13,Product_47,498,443,3046.24,1349484.32
PO_2443,23/03/2026,03/04/2026,Vendor_16,Product_59,220,99,6798.65,673066.35
PO_2444,02/02/2026,14/02/2026,Vendor_14,Product_16,155,104,7300.66,759268.64
PO_2445,18/03/2026,19/03/2026,Vendor_11,Product_45,278,163,6304.02,1027555.26
PO_2446,02/03/2026,12/03/2026,Vendor_16,Product_17,128,112,672.81,75354.72
PO_2447,27/02/2026,03/03/2026,Vendor_7,Product_84,372,364,7349.38,2675174.32
PO_2448,18/01/2026,28/01/2026,Vendor_9,Product_6,312,154,5030.2,774650.8
PO_2449,18/02/2026,22/02/2026,Vendor_13,Product_62,419,379,1237.36,468959.44
PO_2450,21/01/2026,31/01/2026,Vendor_5,Product_58,383,228,8604.76,1961885.28
PO_2451,25/02/2026,28/02/2026,Vendor_8,Product_49,247,225,3301.04,742734
PO_2452,29/03/2026,09/04/2026,Vendor_20,Product_62,471,343,1990.31,682676.33
PO_2453,27/03/2026,05/04/2026,Vendor_19,Product_11,488,205,2325.75,476778.75
PO_2454,03/03/2026,17/03/2026,Vendor_5,Product_77,71,54,7623.98,411694.92
PO_2455,30/01/2026,01/02/2026,Vendor_11,Product_79,296,296,8946.54,2648175.84
PO_2456,07/02/2026,21/02/2026,Vendor_15,Product_94,256,154,5860.2,902470.8
PO_2457,19/01/2026,28/01/2026,Vendor_19,Product_51,477,368,578.52,212895.36
PO_2458,01/01/2026,05/01/2026,Vendor_7,Product_99,390,194,8616.85,1671668.9
PO_2459,21/01/2026,26/01/2026,Vendor_18,Product_47,65,46,1851.77,85181.42
PO_2460,02/03/2026,08/03/2026,Vendor_17,Product_70,217,134,7593.22,1017491.48
PO_2461,05/03/2026,16/03/2026,Vendor_14,Product_54,322,206,7448.77,1534446.62
PO_2462,23/01/2026,30/01/2026,Vendor_11,Product_80,477,344,7954.38,2736306.72
PO_2463,09/03/2026,23/03/2026,Vendor_3,Product_76,127,127,4230.9,537324.3
PO_2464,19/01/2026,21/01/2026,Vendor_17,Product_34,59,37,7536.46,278849.02
PO_2465,22/01/2026,31/01/2026,Vendor_1,Product_9,389,139,6104.92,848583.88
PO_2466,27/02/2026,05/03/2026,Vendor_18,Product_68,260,99,742.38,73495.62
PO_2467,26/01/2026,08/02/2026,Vendor_12,Product_39,440,110,2643.9,290829
PO_2468,27/01/2026,06/02/2026,Vendor_19,Product_94,146,122,1614.31,196945.82
PO_2469,24/02/2026,06/03/2026,Vendor_5,Product_65,146,97,4770.02,462691.94
PO_2470,07/02/2026,14/02/2026,Vendor_6,Product_11,257,136,5797.95,788521.2
PO_2471,28/03/2026,10/04/2026,Vendor_7,Product_97,83,82,4272.43,350339.26
PO_2472,10/02/2026,17/02/2026,Vendor_6,Product_73,120,92,7351.11,676302.12
PO_2473,07/01/2026,16/01/2026,Vendor_18,Product_35,50,45,5232.03,235441.35
PO_2474,21/02/2026,27/02/2026,Vendor_14,Product_75,152,149,6323.77,942241.73
PO_2475,21/01/2026,04/02/2026,Vendor_7,Product_45,493,396,1537.51,608853.96
PO_2476,15/03/2026,18/03/2026,Vendor_18,Product_18,240,215,8423.43,1811037.45
PO_2477,21/03/2026,30/03/2026,Vendor_18,Product_95,81,81,3517.52,284919.12
PO_2478,27/01/2026,08/02/2026,Vendor_18,Product_86,258,172,4463.63,767744.36
PO_2479,05/02/2026,07/02/2026,Vendor_8,Product_72,248,87,3952.72,343886.64
PO_2480,30/03/2026,06/04/2026,Vendor_16,Product_34,493,300,5644.39,1693317
PO_2481,12/02/2026,17/02/2026,Vendor_1,Product_19,215,142,2138.48,303664.16
PO_2482,29/03/2026,06/04/2026,Vendor_12,Product_32,415,234,8233.11,1926547.74
PO_2483,02/01/2026,11/01/2026,Vendor_3,Product_15,367,232,7386.01,1713554.32
PO_2484,09/03/2026,10/03/2026,Vendor_10,Product_33,322,278,5101.42,1418194.76
PO_2485,24/02/2026,09/03/2026,Vendor_16,Product_19,201,100,1096.2,109620
PO_2486,17/01/2026,19/01/2026,Vendor_19,Product_33,91,38,6934.48,263510.24
PO_2487,04/01/2026,06/01/2026,Vendor_19,Product_51,453,149,5414.9,806820.1
PO_2488,16/02/2026,27/02/2026,Vendor_11,Product_35,157,49,6797.58,333081.42
PO_2489,21/02/2026,03/03/2026,Vendor_18,Product_24,266,173,6346.18,1097889.14
PO_2490,15/02/2026,27/02/2026,Vendor_20,Product_89,482,268,3424.19,917682.92
PO_2491,11/02/2026,14/02/2026,Vendor_3,Product_36,322,0,2973.4,0
PO_2492,17/03/2026,18/03/2026,Vendor_4,Product_71,233,116,7696.86,892835.76
PO_2493,13/03/2026,17/03/2026,Vendor_4,Product_92,405,90,8492.53,764327.7
PO_2494,07/01/2026,21/01/2026,Vendor_9,Product_90,351,195,6805.5,1327072.5
PO_2495,01/01/2026,02/01/2026,Vendor_2,Product_97,74,52,3856.14,200519.28
PO_2496,21/03/2026,31/03/2026,Vendor_14,Product_32,249,128,5858.8,749926.4
PO_2497,21/03/2026,28/03/2026,Vendor_9,Product_37,282,282,2284.48,644223.36
PO_2498,26/01/2026,05/02/2026,Vendor_4,Product_16,383,364,4550.37,1656334.68
PO_2499,04/03/2026,07/03/2026,Vendor_19,Product_85,485,237,4969.67,1177811.79
PO_2500,26/01/2026,06/02/2026,Vendor_6,Product_23,51,24,8122.41,194937.84
PO_2501,13/02/2026,14/02/2026,Vendor_1,Product_77,318,16,5717.3,91476.8
PO_2502,26/01/2026,31/01/2026,Vendor_20,Product_69,461,250,589.94,147485
PO_2503,28/03/2026,10/04/2026,Vendor_19,Product_53,328,221,3734.18,825253.78
PO_2504,17/02/2026,01/03/2026,Vendor_2,Product_30,179,146,5562.16,812075.36
PO_2505,12/01/2026,20/01/2026,Vendor_14,Product_86,371,192,7757.74,1489486.08
PO_2506,19/03/2026,22/03/2026,Vendor_4,Product_99,211,149,4676.38,696780.62
PO_2507,22/01/2026,24/01/2026,Vendor_12,Product_67,61,53,7642.12,405032.36
PO_2508,20/02/2026,28/02/2026,Vendor_9,Product_72,120,120,2180.14,261616.8
PO_2509,22/02/2026,05/03/2026,Vendor_19,Product_96,406,406,7080.47,2874670.82
PO_2510,28/02/2026,05/03/2026,Vendor_16,Product_28,60,53,6762.86,358431.58
PO_2511,22/02/2026,27/02/2026,Vendor_15,Product_32,58,32,5863.78,187640.96
PO_2512,11/03/2026,12/03/2026,Vendor_13,Product_73,203,137,5213.8,714290.6
PO_2513,13/03/2026,23/03/2026,Vendor_2,Product_1,430,275,4144.41,1139712.75
PO_2514,14/01/2026,21/01/2026,Vendor_7,Product_81,63,29,1197.35,34723.15
PO_2515,03/02/2026,12/02/2026,Vendor_18,Product_34,59,50,6644.33,332216.5
PO_2516,17/01/2026,20/01/2026,Vendor_10,Product_90,495,336,892.87,300004.32
PO_2517,11/02/2026,24/02/2026,Vendor_16,Product_49,403,403,3665.74,1477293.22
PO_2518,27/03/2026,05/04/2026,Vendor_13,Product_77,181,81,1444.17,116977.77
PO_2519,15/03/2026,17/03/2026,Vendor_15,Product_28,311,234,2051.4,480027.6
PO_2520,20/02/2026,03/03/2026,Vendor_4,Product_78,496,150,1572.78,235917
PO_2521,10/01/2026,15/01/2026,Vendor_1,Product_85,261,139,2614.32,363390.48
PO_2522,05/02/2026,18/02/2026,Vendor_6,Product_87,411,411,4164.36,1711551.96
PO_2523,26/03/2026,01/04/2026,Vendor_1,Product_50,198,100,1576.87,157687
PO_2524,08/02/2026,12/02/2026,Vendor_1,Product_94,265,85,6632.39,563753.15
PO_2525,07/02/2026,13/02/2026,Vendor_17,Product_9,238,118,4483.01,528995.18
PO_2526,13/02/2026,23/02/2026,Vendor_4,Product_53,424,233,3191.64,743652.12
PO_2527,13/03/2026,18/03/2026,Vendor_20,Product_24,297,220,1944.56,427803.2
PO_2528,26/02/2026,12/03/2026,Vendor_4,Product_63,88,2,1044.1,2088.2
PO_2529,26/02/2026,02/03/2026,Vendor_10,Product_91,401,217,7672.74,1664984.58
PO_2530,11/02/2026,22/02/2026,Vendor_20,Product_19,123,123,932.74,114727.02
PO_2531,26/01/2026,04/02/2026,Vendor_20,Product_74,380,268,7210.65,1932454.2
PO_2532,26/02/2026,02/03/2026,Vendor_14,Product_39,281,191,7658.34,1462742.94
PO_2533,18/01/2026,19/01/2026,Vendor_20,Product_18,278,154,743.33,114472.82
PO_2534,04/02/2026,07/02/2026,Vendor_13,Product_27,419,419,3411.71,1429506.49
PO_2535,13/03/2026,26/03/2026,Vendor_15,Product_53,79,29,3554.47,103079.63
PO_2536,10/01/2026,17/01/2026,Vendor_15,Product_45,485,425,2847.56,1210213
PO_2537,30/03/2026,03/04/2026,Vendor_13,Product_92,91,91,5824.63,530041.33
PO_2538,19/01/2026,29/01/2026,Vendor_13,Product_53,328,168,1222.51,205381.68
PO_2539,03/02/2026,08/02/2026,Vendor_18,Product_84,441,250,1878.45,469612.5
PO_2540,05/01/2026,15/01/2026,Vendor_18,Product_66,463,302,2294.74,693011.48
PO_2541,27/02/2026,09/03/2026,Vendor_18,Product_54,304,179,1256.39,224893.81
PO_2542,16/03/2026,28/03/2026,Vendor_16,Product_20,205,201,6376.3,1281636.3
PO_2543,07/01/2026,17/01/2026,Vendor_15,Product_13,137,99,3374.39,334064.61
PO_2544,23/01/2026,31/01/2026,Vendor_1,Product_59,303,174,7966.6,1386188.4
PO_2545,05/01/2026,16/01/2026,Vendor_11,Product_20,379,379,6585.42,2495874.18
PO_2546,10/02/2026,15/02/2026,Vendor_13,Product_65,415,187,8215.91,1536375.17
PO_2547,09/02/2026,21/02/2026,Vendor_16,Product_21,465,251,2962.86,743677.86
PO_2548,15/01/2026,19/01/2026,Vendor_10,Product_7,390,152,6383.84,970343.68
PO_2549,02/03/2026,07/03/2026,Vendor_10,Product_66,200,113,3205.06,362171.78
PO_2550,09/02/2026,22/02/2026,Vendor_15,Product_56,200,133,8877.91,1180762.03
PO_2551,21/03/2026,26/03/2026,Vendor_16,Product_65,411,327,696.11,227627.97
PO_2552,12/01/2026,22/01/2026,Vendor_17,Product_20,406,24,5857.19,140572.56
PO_2553,28/01/2026,05/02/2026,Vendor_19,Product_39,148,108,1549.78,167376.24
PO_2554,18/03/2026,25/03/2026,Vendor_14,Product_83,155,155,1253.37,194272.35
PO_2555,07/02/2026,11/02/2026,Vendor_18,Product_61,230,158,3256.68,514555.44
PO_2556,25/02/2026,06/03/2026,Vendor_20,Product_84,249,120,2483.41,298009.2
PO_2557,10/01/2026,22/01/2026,Vendor_13,Product_21,53,15,8299.29,124489.35
PO_2558,21/03/2026,29/03/2026,Vendor_8,Product_74,341,233,7295.83,1699928.39
PO_2559,08/03/2026,17/03/2026,Vendor_6,Product_54,110,83,7714.34,640290.22
PO_2560,12/02/2026,15/02/2026,Vendor_7,Product_69,112,42,5500.28,231011.76
PO_2561,10/02/2026,23/02/2026,Vendor_11,Product_35,483,443,6784.38,3005480.34
PO_2562,11/02/2026,23/02/2026,Vendor_3,Product_36,165,105,1844.97,193721.85
PO_2563,31/03/2026,01/04/2026,Vendor_14,Product_96,417,94,8603.93,808769.42
PO_2564,29/03/2026,01/04/2026,Vendor_10,Product_27,223,223,4006.28,893400.44
PO_2565,18/02/2026,01/03/2026,Vendor_9,Product_59,373,354,4739.88,1677917.52
PO_2566,02/01/2026,03/01/2026,Vendor_10,Product_19,281,176,3566.95,627783.2
PO_2567,09/02/2026,12/02/2026,Vendor_9,Product_68,348,252,4716.73,1188615.96
PO_2568,29/03/2026,30/03/2026,Vendor_14,Product_26,429,359,6569.32,2358385.88
PO_2569,27/01/2026,31/01/2026,Vendor_13,Product_92,497,80,2936.53,234922.4
PO_2570,30/01/2026,03/02/2026,Vendor_11,Product_56,244,139,7821.45,1087181.55
PO_2571,18/02/2026,02/03/2026,Vendor_18,Product_6,360,273,661.58,180611.34
PO_2572,09/03/2026,21/03/2026,Vendor_11,Product_79,464,261,934.96,244024.56
PO_2573,23/01/2026,04/02/2026,Vendor_3,Product_17,65,38,4808.49,182722.62
PO_2574,20/03/2026,21/03/2026,Vendor_11,Product_10,86,50,2057.02,102851
PO_2575,03/03/2026,07/03/2026,Vendor_8,Product_45,405,363,6552.28,2378477.64
PO_2576,19/01/2026,01/02/2026,Vendor_6,Product_54,349,192,3261.47,626202.24
PO_2577,03/02/2026,05/02/2026,Vendor_19,Product_84,374,216,461.42,99666.72
PO_2578,11/02/2026,20/02/2026,Vendor_3,Product_88,280,189,6503.17,1229099.13
PO_2579,01/03/2026,04/03/2026,Vendor_1,Product_17,454,428,1231.57,527111.96
PO_2580,19/03/2026,24/03/2026,Vendor_8,Product_19,79,45,4422.4,199008
PO_2581,02/03/2026,10/03/2026,Vendor_8,Product_46,215,169,4330.71,731889.99
PO_2582,19/01/2026,23/01/2026,Vendor_1,Product_34,355,234,5005.67,1171326.78
PO_2583,10/01/2026,16/01/2026,Vendor_17,Product_13,362,338,8087.83,2733686.54
PO_2584,27/02/2026,10/03/2026,Vendor_19,Product_33,70,66,2659.4,175520.4
PO_2585,21/01/2026,23/01/2026,Vendor_6,Product_25,480,350,2829.93,990475.5
PO_2586,19/01/2026,20/01/2026,Vendor_9,Product_25,242,242,3773.5,913187
PO_2587,09/02/2026,12/02/2026,Vendor_1,Product_65,202,158,4180.24,660477.92
PO_2588,24/02/2026,28/02/2026,Vendor_4,Product_46,485,485,3779.02,1832824.7
PO_2589,18/03/2026,19/03/2026,Vendor_2,Product_87,136,87,7229.97,629007.39
PO_2590,07/03/2026,10/03/2026,Vendor_11,Product_36,260,228,5647.69,1287673.32
PO_2591,28/02/2026,04/03/2026,Vendor_20,Product_75,378,378,522.09,197350.02
PO_2592,16/02/2026,18/02/2026,Vendor_9,Product_89,112,109,2233.02,243399.18
PO_2593,23/03/2026,28/03/2026,Vendor_9,Product_61,295,267,5028.69,1342660.23
PO_2594,22/03/2026,29/03/2026,Vendor_6,Product_39,85,48,2940.63,141150.24
PO_2595,11/02/2026,20/02/2026,Vendor_5,Product_24,260,162,5657.54,916521.48
PO_2596,17/01/2026,31/01/2026,Vendor_20,Product_36,393,292,7251.15,2117335.8
PO_2597,17/03/2026,21/03/2026,Vendor_16,Product_35,370,64,2012.54,128802.56
PO_2598,01/01/2026,11/01/2026,Vendor_20,Product_81,96,60,1965.74,117944.4
PO_2599,27/03/2026,29/03/2026,Vendor_6,Product_20,417,256,8715.93,2231278.08
PO_2600,27/01/2026,08/02/2026,Vendor_13,Product_10,67,61,2499.67,152479.87
PO_2601,13/03/2026,19/03/2026,Vendor_12,Product_22,303,238,6075.94,1446073.72
PO_2602,05/02/2026,07/02/2026,Vendor_1,Product_15,87,72,6576.24,473489.28
PO_2603,13/03/2026,16/03/2026,Vendor_12,Product_54,84,25,5133.02,128325.5
PO_2604,14/01/2026,26/01/2026,Vendor_2,Product_25,207,47,4924.41,231447.27
PO_2605,22/01/2026,29/01/2026,Vendor_7,Product_12,353,194,6733.67,1306331.98
PO_2606,07/02/2026,14/02/2026,Vendor_10,Product_38,117,73,6826.76,498353.48
PO_2607,12/01/2026,22/01/2026,Vendor_14,Product_94,182,138,6515.98,899205.24
PO_2608,11/02/2026,17/02/2026,Vendor_9,Product_4,429,292,4224.53,1233562.76
PO_2609,17/01/2026,21/01/2026,Vendor_10,Product_87,376,297,6259.03,1858931.91
PO_2610,03/02/2026,09/02/2026,Vendor_14,Product_37,94,46,7637.95,351345.7
PO_2611,19/03/2026,25/03/2026,Vendor_20,Product_6,227,197,3989.57,785945.29
PO_2612,01/02/2026,04/02/2026,Vendor_19,Product_7,52,52,5085.29,264435.08
PO_2613,04/01/2026,14/01/2026,Vendor_3,Product_31,280,89,6552.13,583139.57
PO_2614,21/02/2026,27/02/2026,Vendor_2,Product_6,260,260,2270.1,590226
PO_2615,24/03/2026,29/03/2026,Vendor_7,Product_62,73,37,7849.55,290433.35
PO_2616,24/01/2026,04/02/2026,Vendor_12,Product_69,308,75,6562.81,492210.75
PO_2617,04/02/2026,12/02/2026,Vendor_10,Product_47,157,89,4117.19,366429.91
PO_2618,18/03/2026,22/03/2026,Vendor_13,Product_58,351,209,6310.22,1318835.98
PO_2619,22/03/2026,31/03/2026,Vendor_2,Product_77,307,292,484.52,141479.84
PO_2620,21/02/2026,23/02/2026,Vendor_4,Product_40,357,269,4219.98,1135174.62
PO_2621,24/02/2026,27/02/2026,Vendor_6,Product_41,276,179,7418.39,1327891.81
PO_2622,12/01/2026,20/01/2026,Vendor_19,Product_18,118,102,5643.26,575612.52
PO_2623,15/03/2026,16/03/2026,Vendor_10,Product_96,106,43,6865.46,295214.78
PO_2624,21/03/2026,03/04/2026,Vendor_2,Product_13,84,15,5382.1,80731.5
PO_2625,12/03/2026,17/03/2026,Vendor_17,Product_57,233,144,5103.18,734857.92
PO_2626,03/02/2026,06/02/2026,Vendor_11,Product_1,249,171,2949.43,504352.53
PO_2627,11/03/2026,20/03/2026,Vendor_11,Product_82,496,292,4735.54,1382777.68
PO_2628,26/02/2026,28/02/2026,Vendor_12,Product_13,483,483,2962.41,1430844.03
PO_2629,14/02/2026,25/02/2026,Vendor_17,Product_89,375,80,6485.54,518843.2
PO_2630,11/03/2026,17/03/2026,Vendor_5,Product_100,179,136,4172.38,567443.68
PO_2631,13/03/2026,18/03/2026,Vendor_7,Product_93,98,88,5959.1,524400.8
PO_2632,22/01/2026,24/01/2026,Vendor_15,Product_60,288,253,1133.31,286727.43
PO_2633,06/02/2026,20/02/2026,Vendor_8,Product_64,292,164,2916.83,478360.12
PO_2634,10/01/2026,20/01/2026,Vendor_19,Product_70,172,163,1804.85,294190.55
PO_2635,23/02/2026,01/03/2026,Vendor_12,Product_69,212,182,4601.47,837467.54
PO_2636,02/01/2026,16/01/2026,Vendor_3,Product_73,446,204,5986.18,1221180.72
PO_2637,22/02/2026,01/03/2026,Vendor_6,Product_99,350,237,6783.77,1607753.49
PO_2638,02/03/2026,13/03/2026,Vendor_18,Product_15,399,218,2636.41,574737.38
PO_2639,07/02/2026,12/02/2026,Vendor_11,Product_38,275,164,8737.62,1432969.68
PO_2640,26/01/2026,29/01/2026,Vendor_17,Product_58,442,283,4390.4,1242483.2
PO_2641,05/03/2026,18/03/2026,Vendor_15,Product_65,421,164,6026.3,988313.2
PO_2642,27/02/2026,10/03/2026,Vendor_11,Product_67,460,268,3390.93,908769.24
PO_2643,07/03/2026,18/03/2026,Vendor_5,Product_10,213,74,7467.82,552618.68
PO_2644,23/03/2026,03/04/2026,Vendor_12,Product_92,242,242,2593.8,627699.6
PO_2645,01/01/2026,10/01/2026,Vendor_11,Product_73,92,89,4176.52,371710.28
PO_2646,08/03/2026,11/03/2026,Vendor_4,Product_82,435,363,4350.36,1579180.68
PO_2647,10/03/2026,19/03/2026,Vendor_11,Product_33,307,282,4387.15,1237176.3
PO_2648,02/03/2026,12/03/2026,Vendor_16,Product_31,163,124,968.08,120041.92
PO_2649,11/03/2026,12/03/2026,Vendor_7,Product_59,436,92,4509.66,414888.72
PO_2650,31/03/2026,13/04/2026,Vendor_20,Product_52,395,178,3114.75,554425.5
PO_2651,15/01/2026,26/01/2026,Vendor_18,Product_2,193,179,742.26,132864.54
PO_2652,06/02/2026,09/02/2026,Vendor_2,Product_89,485,338,7876.43,2662233.34
PO_2653,27/01/2026,02/02/2026,Vendor_16,Product_44,139,110,2504.03,275443.3
PO_2654,15/02/2026,24/02/2026,Vendor_14,Product_95,444,229,6176.28,1414368.12
PO_2655,21/01/2026,29/01/2026,Vendor_16,Product_42,420,81,5827.02,471988.62
PO_2656,26/03/2026,03/04/2026,Vendor_5,Product_6,325,325,5834.17,1896105.25
PO_2657,09/01/2026,23/01/2026,Vendor_18,Product_31,203,158,6876.82,1086537.56
PO_2658,21/03/2026,25/03/2026,Vendor_6,Product_1,133,79,8551.05,675532.95
PO_2659,10/02/2026,18/02/2026,Vendor_16,Product_26,142,55,550.48,30276.4
PO_2660,28/01/2026,03/02/2026,Vendor_12,Product_85,208,117,3406.68,398581.56
PO_2661,29/03/2026,11/04/2026,Vendor_10,Product_28,139,131,4190.36,548937.16
PO_2662,18/02/2026,01/03/2026,Vendor_6,Product_58,269,254,8080.78,2052518.12
PO_2663,11/02/2026,15/02/2026,Vendor_3,Product_34,410,402,1484.55,596789.1
PO_2664,15/02/2026,17/02/2026,Vendor_12,Product_32,74,63,1065.74,67141.62
PO_2665,11/02/2026,15/02/2026,Vendor_18,Product_60,202,202,1308.59,264335.18
PO_2666,08/03/2026,14/03/2026,Vendor_10,Product_7,174,169,1008.81,170488.89
PO_2667,23/03/2026,30/03/2026,Vendor_10,Product_70,51,26,883.44,22969.44
PO_2668,06/02/2026,10/02/2026,Vendor_5,Product_10,152,102,564.84,57613.68
PO_2669,01/01/2026,06/01/2026,Vendor_8,Product_80,165,124,8603.86,1066878.64
PO_2670,03/01/2026,17/01/2026,Vendor_16,Product_75,360,203,4651.59,944272.77
PO_2671,26/01/2026,08/02/2026,Vendor_18,Product_8,498,267,525.97,140433.99
PO_2672,15/03/2026,18/03/2026,Vendor_11,Product_83,73,67,1660.89,111279.63
PO_2673,22/03/2026,25/03/2026,Vendor_4,Product_90,487,341,8097.66,2761302.06
PO_2674,15/01/2026,24/01/2026,Vendor_19,Product_85,316,219,8240.04,1804568.76
PO_2675,10/03/2026,13/03/2026,Vendor_17,Product_99,446,446,8863.17,3952973.82
PO_2676,23/03/2026,25/03/2026,Vendor_4,Product_7,152,100,2627.07,262707
PO_2677,18/02/2026,28/02/2026,Vendor_3,Product_10,210,210,1289.89,270876.9
PO_2678,20/03/2026,22/03/2026,Vendor_14,Product_28,432,373,6220.65,2320302.45
PO_2679,01/01/2026,13/01/2026,Vendor_7,Product_52,105,71,1010.92,71775.32
PO_2680,30/01/2026,05/02/2026,Vendor_6,Product_55,85,85,1615.9,137351.5
PO_2681,22/01/2026,30/01/2026,Vendor_12,Product_37,156,95,6709.33,637386.35
PO_2682,22/02/2026,26/02/2026,Vendor_20,Product_9,213,140,1818.43,254580.2
PO_2683,21/03/2026,30/03/2026,Vendor_1,Product_85,451,288,5020.57,1445924.16
PO_2684,21/01/2026,25/01/2026,Vendor_2,Product_98,433,348,1609.09,559963.32
PO_2685,19/03/2026,20/03/2026,Vendor_8,Product_16,150,0,1977.44,0
PO_2686,17/02/2026,03/03/2026,Vendor_9,Product_20,447,190,7267.58,1380840.2
PO_2687,10/02/2026,13/02/2026,Vendor_3,Product_49,172,154,8227.69,1267064.26
PO_2688,16/01/2026,20/01/2026,Vendor_14,Product_3,189,60,1073.39,64403.4
PO_2689,05/01/2026,06/01/2026,Vendor_14,Product_82,155,106,4263.76,451958.56
PO_2690,12/02/2026,13/02/2026,Vendor_6,Product_74,118,93,2574.4,239419.2
PO_2691,18/01/2026,27/01/2026,Vendor_11,Product_34,111,93,8244.99,766784.07
PO_2692,19/03/2026,28/03/2026,Vendor_4,Product_73,192,183,6252.82,1144266.06
PO_2693,04/01/2026,06/01/2026,Vendor_17,Product_69,291,156,1656.43,258403.08
PO_2694,13/02/2026,20/02/2026,Vendor_2,Product_18,257,169,797.29,134742.01
PO_2695,23/03/2026,02/04/2026,Vendor_17,Product_23,304,227,1925.22,437024.94
PO_2696,30/03/2026,08/04/2026,Vendor_4,Product_49,245,245,2436.46,596932.7
PO_2697,08/01/2026,20/01/2026,Vendor_9,Product_81,147,72,7237.95,521132.4
PO_2698,10/03/2026,23/03/2026,Vendor_13,Product_3,186,133,4886.91,649959.03
PO_2699,17/03/2026,30/03/2026,Vendor_19,Product_7,180,119,2152.3,256123.7
PO_2700,30/01/2026,08/02/2026,Vendor_14,Product_4,459,153,4825.23,738260.19
PO_2701,20/02/2026,05/03/2026,Vendor_13,Product_61,280,69,8881.12,612797.28
PO_2702,24/02/2026,03/03/2026,Vendor_12,Product_15,442,442,7163.95,3166465.9
PO_2703,23/03/2026,05/04/2026,Vendor_14,Product_17,159,146,4554.96,665024.16
PO_2704,13/02/2026,23/02/2026,Vendor_19,Product_88,305,213,1499.18,319325.34
PO_2705,24/02/2026,27/02/2026,Vendor_15,Product_62,446,446,695.87,310358.02
PO_2706,26/02/2026,12/03/2026,Vendor_3,Product_55,457,457,5520.57,2522900.49
PO_2707,11/02/2026,23/02/2026,Vendor_7,Product_16,499,309,2539.65,784751.85
PO_2708,31/03/2026,02/04/2026,Vendor_16,Product_58,134,83,5935.99,492687.17
PO_2709,22/02/2026,05/03/2026,Vendor_17,Product_14,163,117,3369.28,394205.76
PO_2710,30/01/2026,07/02/2026,Vendor_17,Product_54,147,147,1637.33,240687.51
PO_2711,28/03/2026,08/04/2026,Vendor_4,Product_61,89,50,5836.23,291811.5
PO_2712,27/01/2026,10/02/2026,Vendor_6,Product_63,132,84,4035.1,338948.4
PO_2713,10/02/2026,11/02/2026,Vendor_5,Product_53,278,195,6697.09,1305932.55
PO_2714,16/01/2026,23/01/2026,Vendor_6,Product_51,184,66,2435.8,160762.8
PO_2715,10/03/2026,11/03/2026,Vendor_10,Product_76,331,266,5539.64,1473544.24
PO_2716,20/03/2026,02/04/2026,Vendor_8,Product_32,461,253,4595.94,1162772.82
PO_2717,30/01/2026,09/02/2026,Vendor_2,Product_29,193,193,6437.91,1242516.63
PO_2718,02/02/2026,12/02/2026,Vendor_20,Product_96,225,225,8284.1,1863922.5
PO_2719,15/02/2026,17/02/2026,Vendor_11,Product_52,215,118,406.43,47958.74
PO_2720,18/01/2026,29/01/2026,Vendor_8,Product_91,474,166,4389.85,728715.1
PO_2721,29/01/2026,08/02/2026,Vendor_17,Product_12,119,82,7552.83,619332.06
PO_2722,06/01/2026,16/01/2026,Vendor_4,Product_28,472,351,8128.54,2853117.54
PO_2723,17/02/2026,24/02/2026,Vendor_7,Product_51,153,129,1252.66,161593.14
PO_2724,13/01/2026,18/01/2026,Vendor_20,Product_49,282,157,836.9,131393.3
PO_2725,21/02/2026,23/02/2026,Vendor_8,Product_93,458,216,8368.63,1807624.08
PO_2726,20/02/2026,02/03/2026,Vendor_13,Product_89,83,51,642.77,32781.27
PO_2727,28/02/2026,06/03/2026,Vendor_9,Product_82,296,137,2854.47,391062.39
PO_2728,19/01/2026,22/01/2026,Vendor_6,Product_13,259,99,6571.03,650531.97
PO_2729,10/03/2026,11/03/2026,Vendor_4,Product_83,140,123,441.87,54350.01
PO_2730,29/01/2026,31/01/2026,Vendor_6,Product_40,61,39,2535.27,98875.53
PO_2731,17/02/2026,25/02/2026,Vendor_6,Product_47,148,82,4986.45,408888.9
PO_2732,11/01/2026,18/01/2026,Vendor_3,Product_63,363,192,2819.05,541257.6
PO_2733,01/03/2026,11/03/2026,Vendor_15,Product_56,348,178,3548.57,631645.46
PO_2734,18/02/2026,21/02/2026,Vendor_11,Product_30,307,193,8830.25,1704238.25
PO_2735,19/03/2026,28/03/2026,Vendor_6,Product_43,353,340,785.8,267172
PO_2736,08/03/2026,14/03/2026,Vendor_4,Product_54,395,301,1552.61,467335.61
PO_2737,06/03/2026,11/03/2026,Vendor_20,Product_12,332,299,8545.52,2555110.48
PO_2738,11/03/2026,18/03/2026,Vendor_10,Product_74,93,87,8206.75,713987.25
PO_2739,09/02/2026,19/02/2026,Vendor_15,Product_4,293,202,2254.24,455356.48
PO_2740,17/03/2026,19/03/2026,Vendor_15,Product_7,297,244,1671.53,407853.32
PO_2741,26/03/2026,06/04/2026,Vendor_11,Product_23,118,83,828.8,68790.4
PO_2742,07/03/2026,15/03/2026,Vendor_7,Product_76,464,464,545.93,253311.52
PO_2743,01/03/2026,12/03/2026,Vendor_11,Product_43,392,370,2616.89,968249.3
PO_2744,27/01/2026,30/01/2026,Vendor_19,Product_20,51,48,514.22,24682.56
PO_2745,14/02/2026,19/02/2026,Vendor_18,Product_11,398,330,6537.87,2157497.1
PO_2746,02/03/2026,08/03/2026,Vendor_2,Product_29,197,139,6980.28,970258.92
PO_2747,11/03/2026,20/03/2026,Vendor_8,Product_100,372,372,5975.01,2222703.72
PO_2748,20/02/2026,25/02/2026,Vendor_19,Product_3,62,51,1120.6,57150.6
PO_2749,04/02/2026,16/02/2026,Vendor_19,Product_55,143,53,1026.93,54427.29
PO_2750,22/01/2026,29/01/2026,Vendor_19,Product_29,254,216,2176.2,470059.2
PO_2751,02/02/2026,10/02/2026,Vendor_5,Product_23,265,196,5103.47,1000280.12
PO_2752,16/01/2026,18/01/2026,Vendor_14,Product_93,421,410,7762.92,3182797.2
PO_2753,15/02/2026,01/03/2026,Vendor_10,Product_82,265,168,1080.05,181448.4
PO_2754,13/02/2026,22/02/2026,Vendor_9,Product_16,433,350,8164.67,2857634.5
PO_2755,15/01/2026,19/01/2026,Vendor_17,Product_11,368,267,2757.81,736335.27
PO_2756,21/03/2026,30/03/2026,Vendor_1,Product_3,379,290,1493.15,433013.5
PO_2757,16/01/2026,19/01/2026,Vendor_9,Product_66,78,74,6926.27,512543.98
PO_2758,14/01/2026,15/01/2026,Vendor_9,Product_7,338,291,5006.93,1457016.63
PO_2759,20/01/2026,03/02/2026,Vendor_13,Product_34,324,228,7253.01,1653686.28
PO_2760,25/02/2026,10/03/2026,Vendor_18,Product_16,200,117,5166.01,604423.17
PO_2761,14/03/2026,15/03/2026,Vendor_15,Product_18,465,306,4630.58,1416957.48
PO_2762,17/01/2026,20/01/2026,Vendor_12,Product_42,268,201,4938.75,992688.75
PO_2763,25/01/2026,29/01/2026,Vendor_3,Product_51,379,341,2454.07,836837.87
PO_2764,26/03/2026,06/04/2026,Vendor_19,Product_91,396,219,4247.21,930138.99
PO_2765,21/03/2026,28/03/2026,Vendor_11,Product_22,321,264,7944.86,2097443.04
PO_2766,16/01/2026,24/01/2026,Vendor_14,Product_77,61,58,3227.34,187185.72
PO_2767,17/01/2026,26/01/2026,Vendor_11,Product_50,183,72,4336.78,312248.16
PO_2768,20/01/2026,29/01/2026,Vendor_4,Product_39,115,86,2443.02,210099.72
PO_2769,25/03/2026,31/03/2026,Vendor_20,Product_31,152,84,3313.1,278300.4
PO_2770,01/01/2026,06/01/2026,Vendor_16,Product_46,247,182,4378.45,796877.9
PO_2771,14/01/2026,24/01/2026,Vendor_13,Product_59,231,207,1978.65,409580.55
PO_2772,31/01/2026,08/02/2026,Vendor_10,Product_43,364,252,1104.67,278376.84
PO_2773,24/01/2026,06/02/2026,Vendor_12,Product_5,240,88,8797.81,774207.28
PO_2774,25/01/2026,05/02/2026,Vendor_3,Product_94,337,234,4300.73,1006370.82
PO_2775,13/03/2026,17/03/2026,Vendor_14,Product_19,231,211,6179.71,1303918.81
PO_2776,24/03/2026,07/04/2026,Vendor_19,Product_81,102,64,7599.59,486373.76
PO_2777,18/02/2026,25/02/2026,Vendor_9,Product_54,149,71,6656.81,472633.51
PO_2778,19/01/2026,31/01/2026,Vendor_4,Product_66,64,31,6904.27,214032.37
PO_2779,26/01/2026,07/02/2026,Vendor_18,Product_44,179,60,5736.79,344207.4
PO_2780,04/01/2026,10/01/2026,Vendor_1,Product_86,355,66,8837.44,583271.04
PO_2781,08/01/2026,21/01/2026,Vendor_1,Product_90,188,188,7135.18,1341413.84
PO_2782,24/02/2026,10/03/2026,Vendor_20,Product_83,99,67,8944.77,599299.59
PO_2783,11/01/2026,23/01/2026,Vendor_19,Product_67,372,225,832.78,187375.5
PO_2784,19/03/2026,27/03/2026,Vendor_9,Product_47,461,203,6812.4,1382917.2
PO_2785,15/01/2026,18/01/2026,Vendor_6,Product_27,97,83,7590.28,629993.24
PO_2786,01/03/2026,05/03/2026,Vendor_7,Product_60,355,297,930.4,276328.8
PO_2787,13/03/2026,22/03/2026,Vendor_16,Product_69,170,132,8884.5,1172754
PO_2788,21/01/2026,31/01/2026,Vendor_18,Product_23,195,143,868.78,124235.54
PO_2789,12/02/2026,14/02/2026,Vendor_13,Product_26,55,31,4932.27,152900.37
PO_2790,08/03/2026,20/03/2026,Vendor_7,Product_76,149,35,6618.29,231640.15
PO_2791,29/01/2026,30/01/2026,Vendor_18,Product_42,184,164,1347.22,220944.08
PO_2792,14/01/2026,26/01/2026,Vendor_3,Product_93,207,175,2956.04,517307
PO_2793,06/01/2026,17/01/2026,Vendor_16,Product_88,387,330,1195.64,394561.2
PO_2794,24/01/2026,30/01/2026,Vendor_10,Product_14,339,156,8317.4,1297514.4
PO_2795,17/03/2026,26/03/2026,Vendor_16,Product_28,412,326,1023.69,333722.94
PO_2796,12/03/2026,19/03/2026,Vendor_12,Product_61,211,57,6998.6,398920.2
PO_2797,11/02/2026,23/02/2026,Vendor_18,Product_66,428,316,3300.03,1042809.48
PO_2798,23/03/2026,04/04/2026,Vendor_10,Product_96,329,288,6355.62,1830418.56
PO_2799,04/01/2026,15/01/2026,Vendor_7,Product_40,149,116,7046.42,817384.72
PO_2800,18/02/2026,20/02/2026,Vendor_7,Product_99,335,335,531.67,178109.45
PO_2801,06/02/2026,08/02/2026,Vendor_5,Product_62,56,50,6482.16,324108
PO_2802,08/02/2026,22/02/2026,Vendor_5,Product_40,408,312,1443.8,450465.6
PO_2803,04/01/2026,14/01/2026,Vendor_11,Product_96,413,204,3756.05,766234.2
PO_2804,07/01/2026,13/01/2026,Vendor_7,Product_6,205,143,3700.44,529162.92
PO_2805,20/01/2026,23/01/2026,Vendor_8,Product_94,289,189,3445.73,651242.97
PO_2806,08/03/2026,15/03/2026,Vendor_19,Product_12,312,131,2301.22,301459.82
PO_2807,19/01/2026,29/01/2026,Vendor_5,Product_13,58,50,6909.57,345478.5
PO_2808,23/03/2026,01/04/2026,Vendor_15,Product_95,353,257,8070.11,2074018.27
PO_2809,20/03/2026,31/03/2026,Vendor_3,Product_70,153,73,1394.21,101777.33
PO_2810,09/03/2026,12/03/2026,Vendor_3,Product_62,196,196,7592.11,1488053.56
PO_2811,02/02/2026,12/02/2026,Vendor_3,Product_76,388,380,7723.22,2934823.6
PO_2812,03/01/2026,08/01/2026,Vendor_8,Product_31,154,143,837.34,119739.62
PO_2813,06/01/2026,17/01/2026,Vendor_9,Product_64,300,203,3006.37,610293.11
PO_2814,02/01/2026,11/01/2026,Vendor_18,Product_16,416,299,5481.45,1638953.55
PO_2815,24/02/2026,04/03/2026,Vendor_4,Product_62,406,210,5748.66,1207218.6
PO_2816,06/01/2026,18/01/2026,Vendor_1,Product_57,176,133,6954.81,924989.73
PO_2817,02/02/2026,16/02/2026,Vendor_11,Product_5,89,89,1617.91,143993.99
PO_2818,17/01/2026,31/01/2026,Vendor_7,Product_28,313,215,1627.96,350011.4
PO_2819,04/02/2026,06/02/2026,Vendor_1,Product_47,248,204,6573.69,1341032.76
PO_2820,23/02/2026,27/02/2026,Vendor_15,Product_40,291,179,1116.02,199767.58
PO_2821,24/01/2026,26/01/2026,Vendor_17,Product_75,351,318,552.34,175644.12
PO_2822,17/02/2026,25/02/2026,Vendor_4,Product_40,344,344,3688.32,1268782.08
PO_2823,23/02/2026,28/02/2026,Vendor_3,Product_58,268,182,516.22,93952.04
PO_2824,03/02/2026,15/02/2026,Vendor_2,Product_91,432,344,6168.25,2121878
PO_2825,21/03/2026,03/04/2026,Vendor_14,Product_35,58,8,3342.8,26742.4
PO_2826,18/03/2026,23/03/2026,Vendor_3,Product_65,235,151,5715.69,863069.19
PO_2827,13/01/2026,14/01/2026,Vendor_1,Product_53,325,233,3491.04,813412.32
PO_2828,15/02/2026,23/02/2026,Vendor_8,Product_81,59,23,6270.35,144218.05
PO_2829,10/01/2026,19/01/2026,Vendor_15,Product_55,226,221,723.07,159798.47
PO_2830,11/01/2026,25/01/2026,Vendor_10,Product_68,167,94,1211.82,113911.08
PO_2831,25/02/2026,05/03/2026,Vendor_18,Product_55,434,130,2033.44,264347.2
PO_2832,04/01/2026,17/01/2026,Vendor_4,Product_13,335,173,6179.37,1069031.01
PO_2833,28/03/2026,01/04/2026,Vendor_5,Product_72,357,277,1028.53,284902.81
PO_2834,22/01/2026,04/02/2026,Vendor_3,Product_100,380,164,8994.29,1475063.56
PO_2835,12/01/2026,19/01/2026,Vendor_1,Product_33,177,164,1679.75,275479
PO_2836,03/03/2026,13/03/2026,Vendor_16,Product_9,281,125,7696.95,962118.75
PO_2837,13/02/2026,14/02/2026,Vendor_10,Product_88,179,95,4440.32,421830.4
PO_2838,28/01/2026,09/02/2026,Vendor_10,Product_79,460,329,916.93,301669.97
PO_2839,11/02/2026,23/02/2026,Vendor_1,Product_41,406,406,3309.96,1343843.76
PO_2840,13/03/2026,27/03/2026,Vendor_7,Product_67,396,396,5400.5,2138598
PO_2841,23/02/2026,28/02/2026,Vendor_17,Product_97,190,143,4958.45,709058.35
PO_2842,30/03/2026,02/04/2026,Vendor_17,Product_32,148,115,4771.86,548763.9
PO_2843,03/03/2026,16/03/2026,Vendor_10,Product_1,216,179,2806,502274
PO_2844,27/03/2026,10/04/2026,Vendor_13,Product_7,441,441,6363.25,2806193.25
PO_2845,11/02/2026,23/02/2026,Vendor_19,Product_9,417,237,5228.37,1239123.69
PO_2846,27/01/2026,04/02/2026,Vendor_1,Product_80,456,306,5119.51,1566570.06
PO_2847,20/01/2026,21/01/2026,Vendor_1,Product_90,257,231,8041.95,1857690.45
PO_2848,08/01/2026,14/01/2026,Vendor_6,Product_34,87,76,810.92,61629.92
PO_2849,13/02/2026,25/02/2026,Vendor_17,Product_12,381,268,2029.86,544002.48
PO_2850,20/03/2026,29/03/2026,Vendor_10,Product_29,472,105,8272.58,868620.9
PO_2851,18/01/2026,24/01/2026,Vendor_12,Product_80,171,66,8032,530112
PO_2852,04/02/2026,06/02/2026,Vendor_17,Product_62,279,133,6679.12,888322.96
PO_2853,16/01/2026,24/01/2026,Vendor_9,Product_15,394,294,2707.27,795937.38
PO_2854,31/03/2026,04/04/2026,Vendor_17,Product_24,135,64,4620.97,295742.08
PO_2855,11/03/2026,22/03/2026,Vendor_5,Product_21,453,413,5153.25,2128292.25
PO_2856,09/01/2026,19/01/2026,Vendor_7,Product_59,236,187,6537.41,1222495.67
PO_2857,08/01/2026,19/01/2026,Vendor_6,Product_53,325,283,679.38,192264.54
PO_2858,08/02/2026,13/02/2026,Vendor_11,Product_39,227,61,5593.72,341216.92
PO_2859,12/03/2026,22/03/2026,Vendor_4,Product_21,162,90,682.57,61431.3
PO_2860,23/01/2026,06/02/2026,Vendor_19,Product_16,361,293,3889.14,1139518.02
PO_2861,07/02/2026,11/02/2026,Vendor_9,Product_30,467,185,8844.32,1636199.2
PO_2862,30/01/2026,31/01/2026,Vendor_2,Product_65,364,328,876.09,287357.52
PO_2863,28/02/2026,14/03/2026,Vendor_17,Product_76,364,200,8540.75,1708150
PO_2864,04/03/2026,11/03/2026,Vendor_14,Product_12,209,171,8732.92,1493329.32
PO_2865,03/03/2026,05/03/2026,Vendor_1,Product_33,406,391,5749.28,2247968.48
PO_2866,23/02/2026,07/03/2026,Vendor_5,Product_1,262,235,3494.19,821134.65
PO_2867,05/03/2026,08/03/2026,Vendor_15,Product_49,352,352,2075.63,730621.76
PO_2868,13/03/2026,15/03/2026,Vendor_14,Product_53,229,89,6546.39,582628.71
PO_2869,12/01/2026,25/01/2026,Vendor_5,Product_55,187,42,6471.47,271801.74
PO_2870,24/02/2026,25/02/2026,Vendor_2,Product_79,98,62,2307.3,143052.6
PO_2871,22/03/2026,04/04/2026,Vendor_1,Product_33,143,97,5626.1,545731.7
PO_2872,12/03/2026,22/03/2026,Vendor_2,Product_11,329,278,8270.19,2299112.82
PO_2873,23/01/2026,26/01/2026,Vendor_10,Product_82,278,240,850.06,204014.4
PO_2874,21/03/2026,22/03/2026,Vendor_11,Product_35,445,352,6826.23,2402832.96
PO_2875,15/01/2026,24/01/2026,Vendor_19,Product_20,124,117,6740.09,788590.53
PO_2876,09/03/2026,20/03/2026,Vendor_19,Product_89,78,43,973.27,41850.61
PO_2877,22/03/2026,27/03/2026,Vendor_14,Product_78,477,397,6724.99,2669821.03
PO_2878,12/03/2026,18/03/2026,Vendor_17,Product_51,441,329,8154.03,2682675.87
PO_2879,29/03/2026,04/04/2026,Vendor_15,Product_25,110,109,2295.77,250238.93
PO_2880,24/03/2026,30/03/2026,Vendor_10,Product_54,412,277,5619.97,1556731.69
PO_2881,27/02/2026,05/03/2026,Vendor_15,Product_91,162,153,5207,796671
PO_2882,02/03/2026,14/03/2026,Vendor_9,Product_93,335,161,5208.58,838581.38
PO_2883,06/01/2026,08/01/2026,Vendor_14,Product_61,59,41,4201.77,172272.57
PO_2884,06/03/2026,19/03/2026,Vendor_20,Product_80,406,274,6944.65,1902834.1
PO_2885,19/03/2026,30/03/2026,Vendor_2,Product_41,450,316,855.25,270259
PO_2886,05/02/2026,10/02/2026,Vendor_10,Product_87,459,233,1980.79,461524.07
PO_2887,27/03/2026,01/04/2026,Vendor_15,Product_71,309,129,3463.27,446761.83
PO_2888,21/01/2026,03/02/2026,Vendor_17,Product_24,167,62,5234.15,324517.3
PO_2889,25/03/2026,26/03/2026,Vendor_3,Product_75,319,75,1857.03,139277.25
PO_2890,22/03/2026,27/03/2026,Vendor_16,Product_12,95,77,2727.88,210046.76
PO_2891,08/01/2026,16/01/2026,Vendor_5,Product_1,436,329,7982.7,2626308.3
PO_2892,07/03/2026,13/03/2026,Vendor_16,Product_27,173,0,3321.36,0
PO_2893,13/01/2026,14/01/2026,Vendor_6,Product_31,438,315,2043.13,643585.95
PO_2894,27/01/2026,05/02/2026,Vendor_20,Product_27,433,362,5699.67,2063280.54
PO_2895,17/02/2026,03/03/2026,Vendor_8,Product_95,61,28,2567.18,71881.04
PO_2896,12/02/2026,13/02/2026,Vendor_4,Product_16,345,345,3547.84,1224004.8
PO_2897,16/03/2026,25/03/2026,Vendor_20,Product_97,170,154,4482.6,690320.4
PO_2898,15/03/2026,26/03/2026,Vendor_11,Product_48,429,377,3051.83,1150539.91
PO_2899,23/01/2026,03/02/2026,Vendor_18,Product_40,235,168,5606.82,941945.76
PO_2900,06/02/2026,12/02/2026,Vendor_13,Product_62,370,285,2117.16,603390.6
PO_2901,20/03/2026,30/03/2026,Vendor_8,Product_98,100,57,3029.04,172655.28
PO_2902,11/03/2026,17/03/2026,Vendor_10,Product_12,276,276,1876.43,517894.68
PO_2903,17/03/2026,23/03/2026,Vendor_4,Product_39,316,234,3372.65,789200.1
PO_2904,08/02/2026,15/02/2026,Vendor_16,Product_100,188,141,8396.21,1183865.61
PO_2905,10/02/2026,20/02/2026,Vendor_10,Product_70,233,233,3306.79,770482.07
PO_2906,31/01/2026,07/02/2026,Vendor_12,Product_4,302,203,6904.66,1401645.98
PO_2907,03/01/2026,14/01/2026,Vendor_4,Product_56,464,227,6398.05,1452357.35
PO_2908,25/02/2026,08/03/2026,Vendor_9,Product_68,320,295,2030.18,598903.1
PO_2909,26/02/2026,28/02/2026,Vendor_17,Product_22,120,55,2102.83,115655.65
PO_2910,23/03/2026,27/03/2026,Vendor_1,Product_90,154,86,3994.53,343529.58
PO_2911,26/01/2026,02/02/2026,Vendor_2,Product_94,471,250,963.98,240995
PO_2912,05/01/2026,16/01/2026,Vendor_13,Product_24,114,33,3381.78,111598.74
PO_2913,20/01/2026,02/02/2026,Vendor_16,Product_3,198,198,6908.39,1367861.22
PO_2914,12/01/2026,18/01/2026,Vendor_4,Product_24,453,440,2518.59,1108179.6
PO_2915,24/01/2026,05/02/2026,Vendor_20,Product_36,400,225,5313.46,1195528.5
PO_2916,21/03/2026,29/03/2026,Vendor_4,Product_46,254,200,4937.18,987436
PO_2917,06/03/2026,07/03/2026,Vendor_19,Product_79,124,36,7833.87,282019.32
PO_2918,12/02/2026,25/02/2026,Vendor_18,Product_95,214,21,2957.58,62109.18
PO_2919,29/01/2026,09/02/2026,Vendor_11,Product_100,436,383,1025.53,392777.99
PO_2920,28/02/2026,10/03/2026,Vendor_4,Product_12,447,130,2841.35,369375.5
PO_2921,11/02/2026,21/02/2026,Vendor_14,Product_79,420,227,3486.27,791383.29
PO_2922,02/01/2026,03/01/2026,Vendor_12,Product_92,207,119,7720.85,918781.15
PO_2923,01/01/2026,10/01/2026,Vendor_20,Product_74,389,135,5087.72,686842.2
PO_2924,09/02/2026,22/02/2026,Vendor_2,Product_80,442,393,7484.2,2941290.6
PO_2925,12/02/2026,19/02/2026,Vendor_12,Product_93,250,113,1724.08,194821.04
PO_2926,17/02/2026,03/03/2026,Vendor_2,Product_22,288,146,7041.5,1028059
PO_2927,06/02/2026,13/02/2026,Vendor_18,Product_2,260,118,6813.31,803970.58
PO_2928,22/03/2026,01/04/2026,Vendor_2,Product_75,263,140,8669.28,1213699.2
PO_2929,30/01/2026,03/02/2026,Vendor_17,Product_56,237,150,2322.98,348447
PO_2930,15/03/2026,23/03/2026,Vendor_12,Product_71,181,181,1929.77,349288.37
PO_2931,29/03/2026,31/03/2026,Vendor_18,Product_38,225,212,1871.34,396724.08
PO_2932,24/03/2026,02/04/2026,Vendor_5,Product_33,77,72,6741.41,485381.52
PO_2933,11/02/2026,16/02/2026,Vendor_7,Product_3,442,351,1037.04,364001.04
PO_2934,15/01/2026,18/01/2026,Vendor_9,Product_15,490,271,4857.54,1316393.34
PO_2935,28/03/2026,04/04/2026,Vendor_17,Product_63,105,82,412.28,33806.96
PO_2936,25/01/2026,05/02/2026,Vendor_6,Product_99,154,79,5544.41,438008.39
PO_2937,01/03/2026,07/03/2026,Vendor_1,Product_61,342,234,2852.6,667508.4
PO_2938,10/02/2026,24/02/2026,Vendor_2,Product_69,398,369,5652.29,2085695.01
PO_2939,08/01/2026,18/01/2026,Vendor_5,Product_67,85,85,1370.43,116486.55
PO_2940,28/01/2026,01/02/2026,Vendor_2,Product_26,495,362,7338.29,2656460.98
PO_2941,11/02/2026,16/02/2026,Vendor_18,Product_19,78,43,3089.33,132841.19
PO_2942,10/01/2026,20/01/2026,Vendor_7,Product_90,216,136,4726.95,642865.2
PO_2943,04/01/2026,16/01/2026,Vendor_10,Product_49,366,54,3840.25,207373.5
PO_2944,28/03/2026,06/04/2026,Vendor_2,Product_8,83,66,5134.69,338889.54
PO_2945,02/03/2026,12/03/2026,Vendor_9,Product_78,231,182,1474.63,268382.66
PO_2946,18/03/2026,19/03/2026,Vendor_4,Product_58,182,45,8669.86,390143.7
PO_2947,17/01/2026,18/01/2026,Vendor_1,Product_36,403,254,891.05,226326.7
PO_2948,11/01/2026,23/01/2026,Vendor_5,Product_93,347,292,7180.24,2096630.08
PO_2949,22/03/2026,31/03/2026,Vendor_15,Product_47,59,9,7488.7,67398.3
PO_2950,18/03/2026,29/03/2026,Vendor_7,Product_74,483,205,2425.87,497303.35
PO_2951,23/02/2026,05/03/2026,Vendor_12,Product_54,330,225,5539.47,1246380.75
PO_2952,27/03/2026,03/04/2026,Vendor_19,Product_61,339,288,2096.29,603731.52
PO_2953,16/01/2026,28/01/2026,Vendor_6,Product_34,50,28,3883.01,108724.28
PO_2954,17/02/2026,19/02/2026,Vendor_18,Product_12,446,136,8442.36,1148160.96
PO_2955,10/03/2026,12/03/2026,Vendor_1,Product_2,196,88,3553.08,312671.04
PO_2956,11/01/2026,16/01/2026,Vendor_16,Product_39,348,212,4260.12,903145.44
PO_2957,02/03/2026,08/03/2026,Vendor_7,Product_52,383,143,7753.67,1108774.81
PO_2958,17/01/2026,20/01/2026,Vendor_10,Product_92,228,79,8222.45,649573.55
PO_2959,12/03/2026,22/03/2026,Vendor_5,Product_27,105,94,8217.45,772440.3
PO_2960,19/01/2026,29/01/2026,Vendor_13,Product_48,475,107,3778.42,404290.94
PO_2961,07/03/2026,09/03/2026,Vendor_17,Product_59,193,150,1709.7,256455
PO_2962,18/03/2026,21/03/2026,Vendor_14,Product_10,218,163,3325.92,542124.96
PO_2963,13/03/2026,24/03/2026,Vendor_19,Product_31,346,179,4513.24,807869.96
PO_2964,23/02/2026,03/03/2026,Vendor_9,Product_79,427,392,2170.63,850886.96
PO_2965,24/02/2026,28/02/2026,Vendor_14,Product_19,404,204,7748.31,1580655.24
PO_2966,16/02/2026,27/02/2026,Vendor_18,Product_73,319,177,1684.83,298214.91
PO_2967,07/03/2026,18/03/2026,Vendor_15,Product_1,302,122,4791.87,584608.14
PO_2968,29/01/2026,31/01/2026,Vendor_20,Product_97,69,45,8107.63,364843.35
PO_2969,27/02/2026,07/03/2026,Vendor_14,Product_11,219,21,7293.24,153158.04
PO_2970,23/03/2026,06/04/2026,Vendor_15,Product_21,330,174,724.95,126141.3
PO_2971,03/01/2026,06/01/2026,Vendor_15,Product_93,285,155,850.19,131779.45
PO_2972,22/03/2026,26/03/2026,Vendor_3,Product_40,450,259,8168.69,2115690.71
PO_2973,17/03/2026,22/03/2026,Vendor_5,Product_49,188,188,8372.24,1573981.12
PO_2974,22/02/2026,08/03/2026,Vendor_18,Product_72,252,225,4968.33,1117874.25
PO_2975,16/02/2026,02/03/2026,Vendor_5,Product_23,477,471,7847.8,3696313.8
PO_2976,26/03/2026,30/03/2026,Vendor_16,Product_25,389,285,6043.14,1722294.9
PO_2977,04/01/2026,16/01/2026,Vendor_15,Product_17,378,362,6403.41,2318034.42
PO_2978,26/01/2026,01/02/2026,Vendor_16,Product_53,155,102,1507.29,153743.58
PO_2979,24/03/2026,25/03/2026,Vendor_14,Product_90,126,61,824.41,50289.01
PO_2980,28/01/2026,02/02/2026,Vendor_4,Product_30,115,23,7382.92,169807.16
PO_2981,14/01/2026,27/01/2026,Vendor_16,Product_91,417,289,803.89,232324.21
PO_2982,02/02/2026,03/02/2026,Vendor_14,Product_10,201,121,7989.46,966724.66
PO_2983,16/01/2026,18/01/2026,Vendor_9,Product_43,258,148,4474.45,662218.6
PO_2984,08/01/2026,12/01/2026,Vendor_4,Product_93,52,49,5914.89,289829.61
PO_2985,28/02/2026,05/03/2026,Vendor_18,Product_74,226,153,6442.61,985719.33
PO_2986,18/02/2026,21/02/2026,Vendor_4,Product_74,295,245,5922.15,1450926.75
PO_2987,23/01/2026,06/02/2026,Vendor_3,Product_3,143,95,3514.76,333902.2
PO_2988,03/03/2026,10/03/2026,Vendor_15,Product_5,320,258,921.87,237842.46
PO_2989,25/02/2026,06/03/2026,Vendor_5,Product_17,295,112,2915.63,326550.56
PO_2990,29/01/2026,12/02/2026,Vendor_11,Product_39,101,74,8439.47,624520.78
PO_2991,15/02/2026,24/02/2026,Vendor_7,Product_28,403,142,4464.15,633909.3
PO_2992,05/01/2026,12/01/2026,Vendor_16,Product_42,110,43,667.19,28689.17
PO_2993,02/03/2026,03/03/2026,Vendor_10,Product_81,199,134,6367.34,853223.56
PO_2994,23/02/2026,09/03/2026,Vendor_15,Product_74,341,341,8239.56,2809689.96
PO_2995,18/02/2026,25/02/2026,Vendor_14,Product_66,160,146,2432.55,355152.3
PO_2996,26/02/2026,09/03/2026,Vendor_7,Product_48,162,162,3729.78,604224.36
PO_2997,15/01/2026,18/01/2026,Vendor_10,Product_3,160,72,402.07,28949.04
PO_2998,17/03/2026,31/03/2026,Vendor_15,Product_32,69,54,6498.49,350918.46
PO_2999,26/03/2026,04/04/2026,Vendor_5,Product_65,62,25,1075.41,26885.25
